id,name,dt_hired,department_id,job_id
1,Harold Vogt,22,2.0,96.0
2,Ty Hofer,2021-05-30T05:43:46Z,8.0,
3,Lyman Hadye,2021-09-01T23:27:38Z,5.0,52.0
4,Lotti Crowthe,2021-10-01T13:04:21Z,12.0,71.0
5,Gretna Lording,2021-10-10T22:22:17Z,6.0,80.0
6,Marlow Antecki,2021-04-23T23:45:42Z,6.0,95.0
7,Joan Rillett,2021-10-10T01:33:31Z,9.0,78.0
8,Ulrick Nucciotti,2021-07-24T01:28:40Z,8.0,169.0
9,Lucretia Northcote,2021-04-01T21:22:47Z,9.0,8.0
10,Arty Giacobo,2022-02-08T12:27:07Z,6.0,62.0
11,Libbi Dowtry,2021-07-05T04:55:10Z,6.0,41.0
12,Jacky Oldred,2021-06-20T11:59:41Z,7.0,29.0
13,Raine Mowett,2021-12-23T08:23:34Z,8.0,83.0
14,Melonie Slocomb,2021-12-30T23:08:59Z,12.0,121.0
15,Robers Swinden,2021-02-16T20:00:38Z,5.0,47.0
16,Bone Serridge,2021-06-21T09:11:06Z,8.0,121.0
17,Andee Tillot,2021-04-01T10:28:22Z,8.0,65.0
18,Gay Philbin,2021-12-24T13:40:11Z,6.0,102.0
19,Loralie Dundin,2021-10-19T20:10:46Z,8.0,68.0
20,Tobi Lawton,2022-02-20T07:46:22Z,6.0,85.0
21,Mandel Nayer,2021-12-18T22:55:26Z,2.0,121.0
22,Toddy Gare,2021-12-05T18:00:50Z,5.0,25.0
23,Jeremias Goudy,2021-10-01T08:16:32Z,7.0,36.0
24,Lemar Aronsohn,2021-07-13T15:39:49Z,8.0,93.0
25,Tanner Jopling,2021-10-16T05:41:59Z,10.0,53.0
26,Bartolomeo Fetherstone,2021-02-07T09:03:49Z,5.0,65.0
27,Elvina Bycraft,2021-09-29T20:34:33Z,7.0,74.0
28,Letitia Bastin,2021-11-20T15:33:14Z,6.0,134.0
29,Warner Astbury,2021-08-30T17:22:09Z,6.0,67.0
30,Geri Pennings,2022-02-16T21:08:33Z,4.0,33.0
31,Jerald Gilder,2022-01-15T02:33:31Z,4.0,74.0
32,Wilt Di Francesco,2021-09-26T21:51:10Z,9.0,82.0
33,Aldwin Hellmore,2021-09-27T11:12:00Z,10.0,49.0
34,Corena Heritege,2021-05-08T01:43:42Z,4.0,31.0
35,Malchy Pontain,2022-02-20T10:39:43Z,11.0,178.0
36,Gasparo Ofen,2021-11-07T11:41:10Z,4.0,57.0
37,Nikkie Whinray,2021-12-30T05:37:33Z,7.0,114.0
38,Louisa Binion,2021-02-11T14:29:26Z,8.0,54.0
39,Brook Tant,2021-09-27T12:50:01Z,10.0,113.0
40,Cly Butt,2022-01-01T06:33:57Z,8.0,75.0
41,Jena Iacomi,2021-05-04T19:49:00Z,9.0,37.0
42,Pail Syne,2021-09-14T03:08:04Z,7.0,26.0
43,Agneta Rae,2021-09-29T12:36:18Z,3.0,51.0
44,Lanae Pedrozzi,2021-05-14T18:26:59Z,5.0,118.0
45,Gipsy Cabrera,2021-12-17T11:47:44Z,12.0,138.0
46,Philly Beecraft,2021-03-03T14:48:53Z,8.0,59.0
47,Jimmie Jack,2021-02-04T07:50:18Z,4.0,64.0
48,Lonee Hegden,2021-06-07T09:12:33Z,10.0,58.0
49,Annecorinne Verny,2021-05-08T23:05:13Z,9.0,140.0
50,Marybelle Henrichsen,2021-06-17T10:02:48Z,10.0,53.0
51,Moe Kender,2022-02-03T08:06:34Z,7.0,35.0
52,Trudie Arboin,2021-10-12T02:10:35Z,6.0,76.0
53,Rebbecca Bazely,2021-11-14T21:00:10Z,9.0,115.0
54,Bevin Battlestone,2021-11-13T08:29:11Z,7.0,53.0
55,Marielle Nasi,2022-02-02T00:11:54Z,10.0,34.0
56,Orelie Gauvin,2022-01-29T13:52:35Z,3.0,40.0
57,Meggie Dulwitch,2022-01-25T18:58:12Z,4.0,65.0
58,Elia D'Enrico,2021-08-29T23:24:48Z,11.0,38.0
59,Sharron Stammirs,2022-02-01T15:49:52Z,2.0,38.0
60,Washington Schleswig-Holstein,2022-01-30T11:38:20Z,5.0,91.0
61,Artemus Featherby,2021-02-26T22:38:18Z,4.0,128.0
62,Lou Hurd,2021-10-14T19:06:01Z,5.0,96.0
63,Tanhya Ort,2021-06-15T06:17:11Z,7.0,104.0
64,Florella Haquin,2022-02-11T06:39:40Z,7.0,61.0
65,Saundra Franzini,2021-12-29T01:42:44Z,5.0,51.0
66,Redford Rilton,2021-04-13T22:51:46Z,10.0,75.0
67,Thia Morican,2021-03-10T19:27:10Z,,104.0
68,Perceval MacLice,2021-03-16T20:21:07Z,5.0,15.0
69,Sidoney Ciobutaru,2021-03-08T09:28:55Z,7.0,123.0
70,Ted Dungay,2021-08-09T20:13:21Z,4.0,95.0
71,Brandea Sinott,2021-12-11T01:47:11Z,12.0,72.0
72,Judy Chifney,2021-10-22T18:48:13Z,10.0,61.0
73,Matthus Szymanzyk,2021-04-26T04:21:25Z,7.0,3.0
74,Wilma Duplain,2021-02-21T08:24:12Z,5.0,87.0
75,Xylia Furlow,2021-10-12T17:24:25Z,8.0,60.0
76,Carver Kirman,2022-01-28T17:32:21Z,4.0,121.0
77,Fayette Prati,2021-07-29T08:29:27Z,7.0,78.0
78,Christalle Constantine,2021-10-04T21:24:21Z,7.0,161.0
79,Ashley Dickey,2021-10-24T01:04:52Z,10.0,67.0
80,Angelika Stock,2022-02-12T23:11:53Z,6.0,163.0
81,Caril Bewsey,2022-01-22T05:56:43Z,1.0,73.0
82,Lief Bridgeman,2021-05-25T00:35:53Z,12.0,25.0
83,Barth Bere,2021-09-22T21:50:08Z,9.0,90.0
84,Ludvig Norwood,2021-02-26T18:47:53Z,3.0,
85,Dev Ingleson,2021-07-01T15:47:16Z,7.0,90.0
86,Vinnie Andri,2021-10-31T08:53:54Z,4.0,51.0
87,Cirstoforo Martinetto,2021-10-15T09:19:20Z,,84.0
88,Rosabelle Sterzaker,2021-03-12T14:32:57Z,5.0,124.0
89,Rodrique Fearnehough,2021-12-01T13:30:50Z,4.0,57.0
90,Germana Bote,2021-05-30T17:02:38Z,4.0,48.0
91,Rolf Tythacott,2021-04-16T15:32:45Z,5.0,76.0
92,Floria Peniello,2021-12-24T08:38:29Z,4.0,81.0
93,Belinda Savaage,2021-06-04T09:39:59Z,4.0,48.0
94,Zachariah Comberbach,2021-10-01T16:14:13Z,5.0,150.0
95,Lowell Woollin,2021-05-17T18:22:06Z,8.0,95.0
96,Creight Rutter,2021-06-29T23:57:57Z,7.0,76.0
97,Beltran Natte,2021-11-01T05:12:01Z,,67.0
98,Colman Casale,2021-10-12T17:55:32Z,10.0,64.0
99,Marlo Tott,2021-05-18T00:45:21Z,8.0,29.0
100,Karita Kettlestringes,2021-06-19T03:14:14Z,7.0,99.0
101,Jenn Fumagallo,2021-09-19T04:46:12Z,7.0,80.0
102,Ogden Ough,2021-03-29T19:31:33Z,7.0,138.0
103,Cathy Blundin,2021-07-29T08:55:15Z,7.0,66.0
104,Wenda Kaes,2021-11-21T13:03:25Z,4.0,68.0
105,Jewelle Mathis,2021-08-13T11:18:32Z,12.0,66.0
106,Jasper Matterdace,2021-07-13T06:34:38Z,8.0,68.0
107,Welby Crocumbe,2021-09-04T16:39:58Z,4.0,107.0
108,Marlie Gannicott,2021-08-15T15:50:29Z,6.0,24.0
109,Bethanne Hurlin,2021-03-16T15:21:23Z,6.0,78.0
110,Renee Bridie,2021-08-31T20:26:32Z,4.0,17.0
111,Zsazsa Pash,2021-08-01T03:27:48Z,5.0,26.0
112,Brett Griffey,2021-06-11T05:54:00Z,5.0,103.0
113,Carlee Joyce,2021-10-02T19:35:28Z,4.0,52.0
114,Grady Conman,2021-04-27T09:27:22Z,3.0,63.0
115,Wilbert Cluer,2021-03-31T12:27:59Z,6.0,39.0
116,Ardys Pirozzi,2021-11-07T09:12:54Z,3.0,39.0
117,Putnem Lippiello,2021-04-23T19:34:46Z,8.0,72.0
118,Blondell Pybus,2021-04-30T04:32:07Z,11.0,38.0
119,Lucky Hadkins,2021-11-24T18:37:55Z,7.0,71.0
120,Brietta Gillmore,2021-05-24T04:35:22Z,2.0,41.0
121,Cristy Sockell,2021-07-30T11:31:36Z,8.0,48.0
122,Gnni Gudgin,2021-10-09T13:49:28Z,7.0,53.0
123,Alisha Headings,2022-01-30T20:44:35Z,9.0,89.0
124,Merrill Symons,2022-01-30T03:02:22Z,4.0,73.0
125,Gerri Baton,2021-02-05T01:06:53Z,8.0,54.0
126,Olly Tully,2021-09-01T18:16:34Z,7.0,62.0
127,Corinne Woofinden,2021-12-31T09:40:30Z,12.0,123.0
128,Reuven Chatto,2022-02-09T19:08:59Z,11.0,56.0
129,Stephana Gawthrop,2021-02-15T00:32:18Z,8.0,79.0
130,Ferris Hammerberger,2021-10-19T08:43:38Z,9.0,126.0
131,Angie McMurray,2021-10-23T18:14:59Z,7.0,149.0
132,Gypsy Baselio,2021-06-13T17:21:57Z,4.0,132.0
133,Jennine Wapol,2022-01-24T14:45:57Z,,49.0
134,Lacee O'Hingerty,2021-05-17T12:56:53Z,10.0,147.0
135,Foster Hobbing,2022-01-31T02:27:30Z,9.0,64.0
136,Meryl Kew,2021-04-20T12:03:35Z,6.0,84.0
137,Ichabod Maloney,2021-09-07T09:32:33Z,6.0,68.0
138,Conrad Stoad,2022-01-23T01:07:44Z,5.0,113.0
139,Celina Caris,2021-03-23T09:04:56Z,3.0,145.0
140,Putnam Dodd,2021-02-01T12:28:13Z,9.0,117.0
141,Marylin Brommage,2021-04-24T15:32:05Z,6.0,44.0
142,Reginald Folca,2021-03-19T23:47:07Z,8.0,80.0
143,Elston Millam,2021-04-28T17:36:53Z,5.0,43.0
144,Angel Andrzejczak,2022-01-29T22:53:00Z,9.0,69.0
145,Gretel Chittenden,2021-11-22T11:13:05Z,5.0,128.0
146,Deirdre Hiley,2021-08-25T02:07:11Z,7.0,111.0
147,Gaston Rayne,2021-09-29T15:22:40Z,6.0,50.0
148,Rourke Inchbald,2021-12-25T03:09:37Z,8.0,64.0
149,Katlin Haxby,2021-10-28T19:12:05Z,6.0,21.0
150,Valentia Kellegher,2021-11-13T13:30:30Z,4.0,51.0
151,Jarrett Oluwatoyin,2021-02-11T21:25:17Z,8.0,34.0
152,Kori Foxton,2021-04-10T14:02:38Z,5.0,95.0
153,Truman Garriock,2021-09-08T13:11:26Z,11.0,88.0
154,Lurette Erwin,2021-09-16T19:02:39Z,5.0,37.0
155,Jewel Valeri,2021-09-18T14:37:49Z,11.0,60.0
156,Mikel Searby,2021-05-08T14:39:59Z,8.0,54.0
157,Kellia Barribal,,4.0,61.0
158,Rube Dockerty,2021-07-25T12:54:20Z,4.0,62.0
159,Gayleen Beslier,2021-11-18T11:53:15Z,7.0,46.0
160,Sher Nolleau,2022-01-02T10:43:20Z,3.0,51.0
161,Nobe Mackrell,2021-09-16T06:31:59Z,8.0,130.0
162,,2021-04-22T14:31:39Z,4.0,91.0
163,Nerta Cutteridge,2021-06-23T22:38:42Z,7.0,68.0
164,Geraldine Playden,2022-02-14T06:05:35Z,7.0,47.0
165,Charleen Billin,2021-11-10T00:57:25Z,8.0,69.0
166,Hollis Goves,2021-08-17T13:58:25Z,9.0,69.0
167,Alexis Jamson,2021-03-18T00:15:36Z,4.0,102.0
168,Toinette Sammut,2021-04-17T07:54:48Z,7.0,93.0
169,Dannye Juszczak,2021-06-23T21:25:21Z,7.0,86.0
170,Kimberlyn Coule,2021-03-15T10:47:48Z,6.0,62.0
171,Charis Muzzini,2021-06-23T20:53:31Z,9.0,159.0
172,Roselle Leate,2021-03-19T02:20:30Z,9.0,83.0
173,Myra Corington,2021-02-16T15:44:56Z,6.0,13.0
174,Anetta Freeborn,2021-10-23T09:14:19Z,2.0,49.0
175,Billy Odams,2021-02-13T21:13:22Z,1.0,59.0
176,Barbie Alabaster,2021-12-26T12:44:34Z,7.0,60.0
177,Ardella Schwartz,2021-08-25T11:50:02Z,3.0,97.0
178,Petronilla Ashpital,2021-07-17T13:36:02Z,4.0,41.0
179,Wolfy Leicester,2021-02-11T23:08:12Z,1.0,137.0
180,Siobhan Backen,2021-03-26T19:07:15Z,7.0,83.0
181,Joeann Chowne,2022-02-16T01:58:18Z,10.0,42.0
182,Renell Iacovelli,2021-11-21T12:05:45Z,3.0,116.0
183,Peyton Yaus,2021-05-16T20:39:06Z,9.0,71.0
184,Alanson Dunne,2021-12-11T21:21:26Z,10.0,74.0
185,Ryley Ruit,2022-02-04T13:21:15Z,8.0,128.0
186,Claudelle Peele,2021-03-10T19:24:19Z,7.0,54.0
187,Janna Forsey,2021-05-09T23:57:00Z,5.0,57.0
188,Regen Presswell,2021-05-03T12:35:40Z,10.0,88.0
189,Donny Ortiga,2021-07-28T02:43:27Z,6.0,77.0
190,Amalia Vinall,2021-03-05T01:38:06Z,6.0,136.0
191,Caldwell Dunniom,2021-08-16T12:41:01Z,8.0,48.0
192,Olia Kleinhaus,2021-07-14T22:42:33Z,11.0,87.0
193,Sarita Lemmertz,2021-07-31T14:14:42Z,9.0,36.0
194,Lonny Duggan,2021-04-19T15:31:46Z,10.0,81.0
195,Jordain Reardon,2021-08-13T09:22:18Z,8.0,40.0
196,Harriot Kenaway,2021-03-28T14:14:16Z,6.0,75.0
197,Mellie Dilrew,2021-11-04T19:52:29Z,8.0,16.0
198,Carline Fryman,2021-05-29T00:23:02Z,5.0,
199,Fields Huby,2021-04-16T09:51:56Z,5.0,72.0
200,Erick Grundey,2021-06-21T04:58:15Z,2.0,48.0
201,Brien Richardin,2022-01-08T16:31:01Z,5.0,92.0
202,Irving Saenz,2021-09-14T13:36:33Z,8.0,21.0
203,Kienan Kinghorne,2021-10-23T20:14:55Z,7.0,65.0
204,Dana Elby,2021-06-05T12:30:23Z,7.0,127.0
205,Phillis Burgot,2022-01-09T07:06:46Z,4.0,77.0
206,Osbourne Bernadot,2021-10-28T21:39:48Z,5.0,56.0
207,Ahmad Fader,2021-05-03T04:57:25Z,,66.0
208,Rasia Dimitriev,2022-01-13T03:39:23Z,3.0,88.0
209,Tova Ostridge,2021-08-18T00:22:54Z,3.0,41.0
210,Babita Grigorkin,2021-04-23T23:35:06Z,9.0,90.0
211,Berny Daber,2021-08-14T23:50:27Z,3.0,27.0
212,Alan Barhims,2021-03-22T23:08:28Z,2.0,143.0
213,Brody Bothen,2021-09-21T22:27:13Z,5.0,92.0
214,Hermann Brisson,2021-06-06T15:24:32Z,10.0,142.0
215,Ewart Temblett,2021-07-06T08:31:04Z,10.0,15.0
216,Theobald Tzarkov,2022-01-26T14:56:48Z,,87.0
217,Marleen Huc,2021-07-17T02:47:30Z,9.0,38.0
218,Stephie McCudden,2021-11-12T03:24:03Z,8.0,120.0
219,Malorie Broggini,2021-09-05T10:03:56Z,5.0,84.0
220,Aile Greatham,2021-09-26T01:50:27Z,9.0,125.0
221,Valentia McFee,2021-11-04T05:01:46Z,4.0,59.0
222,Blakelee Jell,2021-05-21T10:52:28Z,5.0,115.0
223,Malvina Camelli,2021-03-03T05:07:46Z,1.0,83.0
224,Hirsch Jeffrey,2021-02-13T08:05:59Z,3.0,83.0
225,Barnabas Cockell,2021-05-28T22:29:20Z,4.0,33.0
226,Hedy De Gregoli,2021-07-19T07:29:36Z,4.0,117.0
227,Jeramey Pyson,2021-04-03T20:14:34Z,1.0,43.0
228,Jobi Muncie,2021-04-07T07:19:06Z,7.0,113.0
229,Luke Nickols,2021-09-07T18:22:38Z,10.0,61.0
230,Arley Stroton,2022-02-10T20:46:33Z,2.0,97.0
231,Daisie Branchet,2021-10-24T07:07:44Z,6.0,21.0
232,Zach Gallelli,2021-07-26T16:45:07Z,3.0,107.0
233,Tony Hayball,2021-02-15T19:56:57Z,6.0,109.0
234,Allys Lindenstrauss,2021-03-18T21:54:34Z,9.0,126.0
235,Renae Scragg,2021-02-13T18:41:07Z,10.0,52.0
236,Bald Ordemann,2021-08-04T06:14:18Z,2.0,58.0
237,Lynda Lehmann,2021-10-19T11:39:00Z,4.0,66.0
238,Odilia Bettles,2022-01-28T13:42:03Z,6.0,55.0
239,Lucretia Ungaretti,2021-02-06T11:44:17Z,7.0,30.0
240,Shandy Blindermann,2021-08-03T02:54:07Z,10.0,36.0
241,Benedetto Ropking,2021-09-30T01:01:01Z,9.0,19.0
242,Francesca Jeffree,2021-03-17T06:37:56Z,10.0,117.0
243,Juliet MacGebenay,2021-05-19T07:44:26Z,9.0,116.0
244,Elspeth Smalls,2021-11-19T16:41:34Z,5.0,57.0
245,Lemuel Thrush,2022-01-07T16:23:36Z,11.0,46.0
246,Neddy O'Garmen,2021-06-29T18:44:50Z,1.0,85.0
247,Lyle Gages,2021-09-25T23:27:53Z,5.0,117.0
248,Hanni Ruit,2021-04-08T19:47:24Z,7.0,33.0
249,Katherina Bundock,2021-11-13T10:19:05Z,5.0,45.0
250,Ruben Pevreal,2021-05-07T15:58:27Z,7.0,152.0
251,Livia Casper,2021-09-30T10:58:09Z,8.0,43.0
252,Merrily Lorey,2021-08-30T19:20:06Z,8.0,68.0
253,Ignacio Warlowe,2021-12-23T22:56:15Z,3.0,48.0
254,Auberta Ingrem,2021-11-10T02:40:56Z,6.0,55.0
255,Doro Diem,2021-04-20T08:43:40Z,9.0,73.0
256,Jobyna Halburton,2021-06-17T17:53:43Z,9.0,70.0
257,Bernie Sushams,2021-06-26T06:36:44Z,10.0,121.0
258,Christabella Chanders,2021-12-27T03:41:35Z,9.0,145.0
259,Lamont Tothe,2021-07-20T01:47:11Z,6.0,81.0
260,Gweneth Allcock,2022-01-27T23:22:52Z,5.0,87.0
261,Barny Arghent,2021-07-22T21:10:35Z,4.0,61.0
262,Anthe Cowderay,2022-01-03T15:24:31Z,3.0,125.0
263,Eldredge Behnecken,2021-06-25T00:23:17Z,1.0,101.0
264,Gui Coogan,2021-06-06T09:21:20Z,8.0,30.0
265,Verile Halliburton,2021-10-11T10:53:38Z,2.0,68.0
266,Michale Goodwins,2021-12-12T09:09:25Z,10.0,84.0
267,Curran Ettels,2021-02-23T08:39:44Z,10.0,80.0
268,Arin Ribeiro,2021-11-03T22:53:42Z,9.0,20.0
269,Garvey Yandell,2021-09-27T16:01:02Z,2.0,82.0
270,Shellie Hastilow,2021-12-01T03:30:27Z,6.0,61.0
271,Jasmin Greeve,2021-11-16T06:25:45Z,12.0,45.0
272,Ashly Janczak,2021-09-09T17:05:03Z,3.0,62.0
273,Lorry Cluely,2021-02-05T02:01:57Z,9.0,112.0
274,Lenee Barzen,2021-08-13T13:17:25Z,4.0,70.0
275,Trevor De Lascy,2021-07-12T04:33:16Z,7.0,126.0
276,Amandi Forst,2022-02-09T22:55:47Z,7.0,85.0
277,Abagael Tomasek,2021-08-17T02:23:18Z,4.0,158.0
278,Ddene Bernardin,2021-08-16T02:41:54Z,6.0,157.0
279,Phaidra Killingworth,2021-10-25T12:19:32Z,6.0,45.0
280,Zoe Coulston,2022-01-21T16:05:53Z,6.0,38.0
281,Ellerey Smithin,2021-05-27T20:40:59Z,2.0,61.0
282,Maudie Sommerlin,2021-04-09T20:31:22Z,7.0,73.0
283,Betti Meran,2021-09-28T17:47:54Z,5.0,87.0
284,Sile Alexsandrev,2021-10-25T03:10:45Z,1.0,66.0
285,Ardeen Tures,2021-05-13T10:34:48Z,6.0,79.0
286,Frances Flemmich,2022-01-31T11:35:28Z,10.0,134.0
287,Dniren Raison,2022-01-22T22:03:49Z,4.0,60.0
288,Katerine Bazeley,2022-02-09T05:26:37Z,9.0,80.0
289,Hetti Narraway,2021-06-20T01:05:56Z,3.0,24.0
290,Cassandre Froude,2021-10-15T10:36:55Z,5.0,33.0
291,Chuck Frankiss,2021-06-07T04:46:33Z,6.0,79.0
292,Brice Johansson,2021-04-08T01:49:32Z,10.0,120.0
293,Arvie Angeau,2021-06-08T21:59:00Z,8.0,67.0
294,Claretta Sloegrave,2021-11-01T22:58:21Z,2.0,46.0
295,Marylou Burrell,2021-11-21T03:14:06Z,7.0,84.0
296,Alfred Saintpierre,2021-05-11T10:12:02Z,4.0,13.0
297,Jarvis Pennings,2021-10-03T22:12:05Z,5.0,81.0
298,Chrysler Frudd,2021-11-02T11:26:37Z,5.0,66.0
299,Jerrilee Bineham,2022-01-06T11:26:31Z,8.0,85.0
300,Saidee Bassett,2021-05-25T18:08:38Z,3.0,73.0
301,Anders Ralston,2021-10-20T07:04:25Z,5.0,33.0
302,Arlene Ferroli,2021-10-15T20:42:15Z,10.0,18.0
303,Hillary Dudenie,2021-09-18T03:12:35Z,6.0,109.0
304,Tildie Julien,2021-09-29T14:02:27Z,5.0,62.0
305,Waneta Dyhouse,2021-10-17T00:35:10Z,5.0,124.0
306,Norby Folkerts,2021-04-11T21:16:34Z,3.0,100.0
307,Danell Poynser,2021-02-10T17:49:24Z,3.0,36.0
308,Rodrigo Thornbarrow,2021-06-09T03:07:49Z,7.0,45.0
309,Aleen Veasey,2021-03-18T13:39:20Z,8.0,102.0
310,Revkah Willans,2022-01-14T02:57:43Z,6.0,158.0
311,Ursulina Curner,2021-12-10T03:22:45Z,5.0,113.0
312,Valma Kruger,2021-03-13T03:20:40Z,5.0,44.0
313,Roberta Kensitt,2021-12-17T19:55:17Z,3.0,71.0
314,Luciano Friman,2021-08-17T07:04:16Z,11.0,62.0
315,Beverie Verralls,2022-02-12T00:42:13Z,3.0,72.0
316,Tades Pezey,2021-11-27T22:47:12Z,4.0,53.0
317,Cammy Liffey,2021-03-03T01:53:49Z,4.0,81.0
318,Mimi Seymour,2021-03-12T15:25:05Z,10.0,55.0
319,Wilt Jagoe,2021-03-02T10:23:45Z,5.0,40.0
320,Artemas Balmer,2021-08-29T21:05:17Z,4.0,141.0
321,Darleen Cranna,2021-03-10T23:33:27Z,7.0,68.0
322,Johnath Fake,2021-03-26T23:44:34Z,6.0,41.0
323,Erv Hubane,2021-05-03T12:04:54Z,1.0,14.0
324,Janna Malitrott,2021-08-18T18:53:09Z,6.0,51.0
325,Abe Bennedick,2021-03-16T08:32:34Z,5.0,25.0
326,Carlota McCrae,2021-06-25T09:36:48Z,6.0,40.0
327,Kevina Collip,2022-01-26T21:24:00Z,6.0,72.0
328,Grace McAless,2021-05-02T04:55:20Z,2.0,60.0
329,Gale Cholwell,2021-09-21T23:24:14Z,5.0,80.0
330,Timotheus Jouannisson,2022-02-16T16:04:14Z,6.0,86.0
331,Darleen Ulyatt,2021-03-01T17:01:05Z,9.0,109.0
332,Nancey Ford,2021-11-24T16:57:25Z,8.0,141.0
333,Margot Francillo,2022-02-07T20:42:17Z,9.0,100.0
334,Tina Sarver,2021-09-03T01:13:49Z,11.0,42.0
335,Arline Athow,2021-08-18T09:04:01Z,7.0,48.0
336,Morissa Habberjam,2021-04-14T04:04:56Z,6.0,92.0
337,Rosemarie Sofe,2021-11-07T08:25:36Z,1.0,124.0
338,Ravid Pigney,2021-10-18T05:23:29Z,8.0,68.0
339,Penelopa Bransby,2021-10-25T07:38:11Z,10.0,76.0
340,,2022-01-13T21:09:49Z,4.0,45.0
341,Bordy Greenman,2021-05-27T03:29:36Z,6.0,61.0
342,Nathanil Conry,2022-02-11T16:30:12Z,5.0,71.0
343,Celestina Eate,2022-01-28T10:57:28Z,8.0,29.0
344,Christen Gilbane,2021-10-11T13:02:28Z,9.0,105.0
345,Corenda Dubbin,2021-03-06T14:32:27Z,1.0,136.0
346,Iris Cariss,2021-06-19T14:35:51Z,7.0,75.0
347,Sumner Gladdis,2022-01-22T09:29:43Z,7.0,77.0
348,Benny Bachelor,2021-04-05T09:33:59Z,6.0,47.0
349,Winona Dudhill,2021-04-28T23:14:25Z,8.0,95.0
350,,2021-07-13T23:34:40Z,10.0,86.0
351,Weston Rouchy,2021-10-29T06:10:25Z,1.0,26.0
352,Eunice Sherbrooke,2022-01-14T13:27:30Z,9.0,106.0
353,Raul Farbrace,2021-10-05T11:28:11Z,8.0,57.0
354,Cobby Solomon,2021-10-03T06:03:40Z,5.0,28.0
355,Carina Libreros,2021-08-02T02:46:45Z,5.0,22.0
356,Johnnie Middle,2021-07-06T19:13:15Z,3.0,44.0
357,Jocelyne Elphinstone,2021-10-14T06:00:13Z,5.0,101.0
358,Kaycee Hounsom,2021-05-20T08:08:48Z,8.0,37.0
359,Justine Yurkevich,2021-04-01T15:30:36Z,8.0,148.0
360,Killy Dracey,2021-04-26T17:23:42Z,6.0,31.0
361,Ike Forgie,2021-06-08T15:10:58Z,6.0,16.0
362,Melodee Suckling,2021-09-28T18:37:19Z,5.0,65.0
363,Cassi Woodard,2021-10-28T21:33:54Z,6.0,21.0
364,Ora Giovanizio,2021-07-07T13:26:49Z,3.0,58.0
365,Fredelia Fendt,2021-10-22T13:11:20Z,7.0,98.0
366,Renee Stoddard,2021-12-30T01:29:43Z,4.0,72.0
367,Ellary Benasik,2021-09-04T02:00:37Z,5.0,153.0
368,Rustie O'Leahy,2021-08-03T22:04:17Z,3.0,60.0
369,Jennifer Walkey,2021-09-08T17:25:22Z,10.0,68.0
370,Luciana Lindenberg,2022-01-17T10:52:25Z,3.0,35.0
371,King Benjamin,2022-01-20T02:23:10Z,9.0,113.0
372,Gabriele Carcas,2022-01-02T14:58:58Z,6.0,50.0
373,Leisha Uccelli,2021-10-15T07:27:54Z,6.0,114.0
374,Far Janicek,2021-08-28T05:42:26Z,9.0,56.0
375,Tracey Cleve,2021-07-23T20:51:44Z,6.0,118.0
376,Gwenore Hallowes,2021-05-05T21:46:04Z,4.0,23.0
377,Guendolen Castro,2021-05-11T10:27:43Z,8.0,164.0
378,Toni Hadleigh,2021-04-29T13:28:25Z,8.0,34.0
379,Ruth Reilly,2021-11-16T08:24:18Z,6.0,128.0
380,Grantley Burnyate,2021-11-12T10:44:41Z,5.0,73.0
381,Stormi Leber,2021-03-30T18:21:20Z,9.0,116.0
382,Bowie Ramsden,2021-10-09T07:33:53Z,5.0,59.0
383,Emmott Blaber,2021-03-05T20:54:52Z,8.0,67.0
384,Milicent Kerner,2021-12-05T16:16:42Z,11.0,121.0
385,Francine Youings,2021-02-13T04:55:49Z,6.0,38.0
386,Hattie Cramphorn,2021-10-11T09:49:28Z,5.0,48.0
387,Dex MacMakin,2021-03-15T16:40:34Z,6.0,40.0
388,Bo Robion,2021-05-05T12:25:44Z,4.0,61.0
389,Emmalynne Smither,2021-11-07T10:31:09Z,11.0,76.0
390,Harp Mayze,2021-04-20T06:26:16Z,2.0,61.0
391,Rania Brend,2021-11-29T22:31:08Z,10.0,30.0
392,Cris Trytsman,2021-04-08T11:54:11Z,7.0,124.0
393,Bogey Hanwell,2022-01-05T17:29:34Z,6.0,
394,Latrena Brownbill,2021-07-03T23:56:41Z,9.0,72.0
395,Saidee Haddock,2021-07-15T10:51:30Z,5.0,14.0
396,Melisandra Scopyn,2021-09-28T09:56:07Z,9.0,18.0
397,Lefty Checcucci,2021-09-29T16:34:41Z,2.0,59.0
398,Kaitlin Gamlen,2021-04-21T09:15:22Z,11.0,11.0
399,Brose De Michele,2021-10-15T00:32:44Z,7.0,97.0
400,Babita Rusted,2021-04-14T03:05:16Z,12.0,76.0
401,Kori Twinbourne,2021-07-26T12:54:13Z,10.0,106.0
402,Hasty Slipper,2021-04-03T07:11:50Z,5.0,108.0
403,Fergus Weaben,2021-08-06T04:46:14Z,11.0,67.0
404,Chet Ribeiro,2021-12-30T10:03:59Z,6.0,97.0
405,Reyna Yatman,2021-03-16T23:50:52Z,10.0,54.0
406,Isador Martensen,2021-11-25T11:53:35Z,6.0,84.0
407,Doris Summersett,2021-10-11T22:27:53Z,10.0,77.0
408,Bonnibelle Dionsetto,2021-06-13T09:09:27Z,10.0,47.0
409,Annabela Draude,2021-06-27T14:27:18Z,7.0,76.0
410,Vally Kinnard,2021-03-21T18:25:49Z,3.0,101.0
411,Dominic Wornum,2021-02-21T23:15:04Z,4.0,36.0
412,Anna Antalffy,2021-10-10T01:28:17Z,9.0,174.0
413,Berna Jeffrey,2021-08-02T13:21:07Z,10.0,53.0
414,Anderea Penhallurick,2021-09-24T20:26:16Z,6.0,71.0
415,Kari Dimmer,2021-09-02T02:27:38Z,9.0,88.0
416,Jacquette Plumridge,2021-02-05T01:17:13Z,9.0,48.0
417,Jeannette Aizikov,2021-12-25T02:47:28Z,6.0,115.0
418,Gilberta Rippingale,2022-02-12T09:56:21Z,3.0,64.0
419,Hayward Kropp,2021-11-27T00:10:20Z,3.0,95.0
420,Devon Nutty,2021-10-19T18:48:33Z,4.0,163.0
421,Merna Chaimson,2021-02-13T09:52:15Z,6.0,50.0
422,Monika Lamperd,2021-11-20T10:29:25Z,6.0,78.0
423,Rozelle Cullingworth,2021-08-08T01:23:27Z,4.0,66.0
424,Jeana Costanza,2021-07-31T00:51:12Z,2.0,96.0
425,Brenn Novis,2021-03-05T08:31:17Z,8.0,63.0
426,Trumaine Danjoie,2021-03-12T13:18:26Z,3.0,78.0
427,Tara Mertel,2021-06-23T22:34:51Z,5.0,81.0
428,Kristofor Elfitt,2021-05-12T20:37:50Z,10.0,36.0
429,Ashbey Olczyk,2021-03-29T08:49:43Z,5.0,79.0
430,Zed Daymont,2021-08-31T05:39:43Z,1.0,56.0
431,Vyky Parren,2021-09-16T07:21:28Z,10.0,51.0
432,Jerrine Clapperton,2022-01-20T22:47:27Z,10.0,45.0
433,Aarika Britton,2021-11-04T23:49:53Z,6.0,56.0
434,Bernadina Catlette,2021-09-11T00:27:03Z,3.0,162.0
435,Eleanora Dootson,2021-10-10T03:18:10Z,11.0,58.0
436,Chanda Cresser,2021-10-20T12:39:47Z,9.0,144.0
437,Alwin Erdis,2021-08-28T21:30:46Z,10.0,73.0
438,Nanine Bertome,2021-09-21T11:01:18Z,8.0,58.0
439,Florie Allchin,2021-11-27T14:14:20Z,8.0,13.0
440,Oren Geaveny,2021-04-30T15:56:51Z,4.0,79.0
441,Irwin Beaulieu,2021-09-08T15:10:49Z,5.0,57.0
442,Hale Oleszcuk,2021-02-07T17:53:58Z,8.0,41.0
443,Cherey Iacopini,2022-01-18T23:00:54Z,8.0,64.0
444,Jacenta Cullnean,2021-09-21T15:57:18Z,5.0,93.0
445,Gilles Houdhury,2021-09-09T23:54:01Z,3.0,113.0
446,Risa Simek,2021-11-18T21:46:42Z,2.0,50.0
447,Midge Delacour,2021-10-28T15:25:45Z,7.0,84.0
448,Greg Dorie,2021-04-01T04:19:05Z,1.0,47.0
449,Emory Nobes,2021-03-16T06:56:02Z,2.0,83.0
450,Loise Bartens,2021-08-30T21:22:26Z,10.0,49.0
451,Avrit Barrett,2021-02-24T02:15:31Z,2.0,54.0
452,Truman Davidman,2021-02-09T16:22:58Z,8.0,60.0
453,Liz McCaghan,2022-02-10T03:35:50Z,7.0,93.0
454,Gilda Rudolfer,2021-12-20T16:14:04Z,4.0,61.0
455,Rodge Seston,2022-01-30T00:17:44Z,5.0,60.0
456,Rivi Van der Merwe,2021-03-31T09:56:30Z,7.0,27.0
457,Marcelline Masding,2021-11-20T06:31:58Z,4.0,39.0
458,Norean Foker,2021-12-04T17:35:48Z,1.0,19.0
459,Maisey Markie,2021-03-18T17:03:53Z,8.0,46.0
460,Melva Goodge,2021-02-24T04:11:44Z,9.0,53.0
461,Alfi Keepe,2021-10-31T02:58:11Z,5.0,81.0
462,Correna Samter,2021-03-02T12:02:36Z,1.0,40.0
463,Shell Castleman,2022-01-04T17:20:18Z,3.0,31.0
464,Fanchette Sowrah,2021-08-26T12:16:02Z,11.0,71.0
465,Hamnet Wooldridge,2022-01-24T07:09:01Z,8.0,70.0
466,Chandler Amesbury,2021-10-09T22:10:46Z,7.0,87.0
467,Sully Kubicki,2021-05-11T21:57:40Z,4.0,58.0
468,Leela Mowatt,2021-05-25T08:41:00Z,8.0,72.0
469,Shelby Reaveley,2022-01-14T23:53:12Z,8.0,108.0
470,Lianne Huxton,2021-02-08T00:15:19Z,7.0,94.0
471,Ethelda Owbrick,2021-02-07T23:47:52Z,8.0,60.0
472,Payton Palmer,2021-11-05T03:06:42Z,10.0,43.0
473,Berk Stennes,2021-04-22T07:55:22Z,7.0,84.0
474,Calhoun Pester,2021-03-06T03:02:20Z,7.0,107.0
475,Lebbie Ruberry,2021-10-25T18:25:28Z,8.0,94.0
476,Friedrich Loton,2021-04-18T12:50:40Z,9.0,56.0
477,Loella Cudiff,2021-02-08T09:30:15Z,3.0,64.0
478,Tersina Shackelton,2021-11-03T20:59:18Z,8.0,81.0
479,Doria Buard,2021-06-15T16:20:40Z,5.0,75.0
480,Brena Issatt,2021-05-29T11:44:01Z,8.0,36.0
481,Eileen Spikeings,2021-08-05T14:24:07Z,7.0,75.0
482,Emmalynn Robilliard,2021-12-08T16:54:02Z,8.0,96.0
483,Paco Truter,2021-06-12T09:00:44Z,5.0,68.0
484,Arlene Piletic,2021-12-19T14:53:27Z,2.0,90.0
485,Hill Oakeby,2022-02-14T23:50:27Z,1.0,95.0
486,Joanie Janjusevic,2021-05-02T09:50:24Z,6.0,93.0
487,Fanechka Cescon,2021-02-13T07:59:01Z,6.0,104.0
488,Samantha Mundie,2021-09-11T11:12:45Z,3.0,102.0
489,Arabelle Churching,2021-06-19T02:27:07Z,9.0,165.0
490,Mathew Wyre,2021-05-02T20:01:12Z,2.0,129.0
491,Liane Gladtbach,2021-08-17T22:56:06Z,11.0,104.0
492,Lesya Zebedee,2021-05-15T15:39:19Z,2.0,86.0
493,Dalis Coughan,2021-03-20T10:48:47Z,3.0,71.0
494,Fredericka Blezard,2021-08-25T04:03:09Z,7.0,69.0
495,Seth Kubacek,2021-03-31T19:15:51Z,5.0,50.0
496,Carissa Bartel,2021-03-01T20:13:38Z,4.0,45.0
497,Teddi Eadmeades,2021-10-11T14:30:13Z,6.0,118.0
498,Teriann Bukowski,2022-01-10T08:28:43Z,10.0,147.0
499,Holly Akehurst,2021-09-29T00:53:42Z,8.0,132.0
500,Audrye Fazakerley,2021-04-08T02:27:08Z,2.0,83.0
501,Adaline Sherrett,2021-09-16T03:17:23Z,10.0,53.0
502,Myrtle Kenan,2021-04-20T03:33:22Z,8.0,37.0
503,Anjanette Snepp,2021-10-28T11:48:58Z,6.0,45.0
504,Avrit Henniger,2021-07-10T20:34:54Z,6.0,44.0
505,Andi Norwich,2021-04-20T22:42:20Z,8.0,72.0
506,Joye Pinson,2021-10-02T07:13:19Z,4.0,30.0
507,Nonie Threadgould,2021-11-18T06:31:35Z,5.0,42.0
508,Tommy Dehn,2021-04-26T12:30:00Z,7.0,113.0
509,Tiphanie Neads,2022-01-19T21:11:05Z,10.0,44.0
510,Zelda Sheavills,2021-03-07T20:24:50Z,3.0,33.0
511,Cecilia Keynd,2021-07-31T06:10:51Z,1.0,109.0
512,Malia Dungay,2021-08-26T07:18:58Z,8.0,68.0
513,Garald McPhillips,2022-02-18T16:34:19Z,8.0,54.0
514,Francis Jantel,2021-10-19T09:21:42Z,10.0,86.0
515,Stephenie Yeowell,2021-12-04T04:16:48Z,3.0,67.0
516,Kerry Neno,2021-10-08T02:32:38Z,10.0,132.0
517,Falito Bellay,2021-06-10T21:42:06Z,8.0,125.0
518,Cassandra McRobert,2021-02-20T22:20:53Z,9.0,148.0
519,Perkin Brookbank,2021-04-29T05:20:41Z,6.0,85.0
520,Kial Dulwitch,2021-12-22T01:59:59Z,7.0,82.0
521,Paulita Cumberbatch,2021-11-26T12:59:46Z,8.0,48.0
522,Gina Cutill,2021-10-28T19:05:53Z,5.0,22.0
523,Darelle Wogden,2021-05-08T10:51:07Z,4.0,28.0
524,Jacenta Pieterick,2021-08-07T04:31:22Z,8.0,70.0
525,Maiga Jarmain,2021-03-03T10:46:50Z,9.0,62.0
526,Vivie Darwood,2021-12-01T17:32:31Z,12.0,119.0
527,Maxy Agnolo,2021-02-23T14:16:05Z,3.0,61.0
528,Doyle Lawden,2021-03-20T08:53:56Z,5.0,108.0
529,Deena Semarke,2021-10-06T06:06:47Z,5.0,94.0
530,Jacques Branno,2022-01-17T03:31:09Z,8.0,82.0
531,Daune Leaning,2022-02-10T12:32:39Z,10.0,87.0
532,Alfreda Stittle,2021-07-20T16:08:08Z,3.0,28.0
533,Tiertza Vanyashin,2022-02-04T20:16:06Z,3.0,
534,Rex Gligoraci,2021-10-06T12:49:28Z,7.0,102.0
535,Jorry Koppel,2021-07-07T12:56:22Z,8.0,39.0
536,Mellicent Grisard,2021-08-16T06:41:51Z,3.0,58.0
537,Marya Norcutt,2022-01-16T21:23:39Z,2.0,111.0
538,Rafferty Ferrettini,2021-09-27T21:27:53Z,11.0,145.0
539,Grace Caulwell,2021-04-25T00:25:51Z,2.0,85.0
540,Chrysler Cogswell,2021-03-25T08:08:41Z,8.0,40.0
541,Jennie Greenway,2022-01-18T17:10:17Z,10.0,96.0
542,Dewie Avann,2022-02-08T04:57:10Z,3.0,34.0
543,Melodie Frazier,2021-07-11T16:41:31Z,11.0,55.0
544,Curr Lafrentz,2021-04-25T22:43:01Z,7.0,95.0
545,Allan Rickert,2022-01-24T08:26:50Z,7.0,79.0
546,Zack Scroxton,2021-10-03T02:40:41Z,7.0,80.0
547,Kirsteni Keatley,2021-09-03T16:49:39Z,2.0,82.0
548,Pegeen Piccard,2021-06-18T15:20:18Z,8.0,77.0
549,Antonina Semble,2021-08-24T04:50:51Z,10.0,56.0
550,Ellene Cunnow,2021-04-24T10:10:48Z,7.0,68.0
551,Lind Flips,2021-04-05T22:11:47Z,4.0,137.0
552,Quintus McCallister,2021-04-25T22:30:37Z,3.0,34.0
553,Bobette Buyers,2022-02-02T23:14:26Z,7.0,61.0
554,Eziechiele Donson,2021-03-04T11:31:49Z,2.0,125.0
555,Annabella Telezhkin,2022-01-07T05:21:00Z,2.0,102.0
556,Giff Kelson,2021-08-29T06:02:42Z,10.0,109.0
557,Kamila Collumbine,2021-05-04T10:13:08Z,6.0,143.0
558,Avivah Dymond,2021-07-21T15:53:26Z,8.0,56.0
559,Woodman Dake,2022-01-05T10:20:17Z,12.0,63.0
560,Zena Buck,2021-11-06T07:15:24Z,5.0,89.0
561,Saxon Eastop,2021-10-28T18:29:31Z,11.0,70.0
562,Letisha Le Floch,2021-08-31T16:37:15Z,7.0,75.0
563,Sharona Tweedy,2021-08-25T02:46:44Z,7.0,74.0
564,Pietro Ogdahl,2021-05-01T17:41:48Z,4.0,32.0
565,Karen Withnall,2021-07-27T20:45:40Z,11.0,38.0
566,Ingrim Orrum,2021-12-08T11:57:56Z,5.0,163.0
567,Annabelle Southon,2021-11-29T20:23:23Z,11.0,62.0
568,Jody Ireland,2021-04-14T13:41:44Z,7.0,61.0
569,Newton MacColl,2021-08-12T07:28:19Z,5.0,111.0
570,Cati Orbell,2021-02-05T10:51:00Z,11.0,90.0
571,,2021-11-28T02:28:40Z,7.0,69.0
572,Bethena Nissle,2021-04-23T09:48:13Z,8.0,60.0
573,Hynda Wheatcroft,2021-08-29T01:59:39Z,8.0,57.0
574,Laura Ginley,2021-10-04T16:28:21Z,5.0,104.0
575,Edgard Sawden,2021-05-29T10:26:15Z,5.0,154.0
576,Noak Windmill,2021-11-18T00:52:33Z,4.0,97.0
577,Kenneth Ravenscroftt,2022-01-05T10:19:42Z,4.0,44.0
578,Garfield Giovanitti,2022-01-14T05:54:04Z,4.0,68.0
579,Deane Stivani,2021-03-31T04:27:17Z,4.0,38.0
580,Eugenio Crumly,2021-04-05T19:25:24Z,7.0,98.0
581,Gris Heino,2022-01-07T06:42:22Z,5.0,46.0
582,Adams Whitington,2021-08-10T11:06:19Z,8.0,141.0
583,Chrotoem Johanning,2021-11-04T09:51:55Z,5.0,27.0
584,Renado Terne,2021-04-23T15:58:47Z,8.0,31.0
585,Sonja Vero,2021-07-01T04:36:39Z,8.0,38.0
586,Roanne Brant,2021-07-25T01:23:13Z,6.0,97.0
587,Deina Magovern,2021-06-30T11:28:53Z,2.0,135.0
588,Gabriell Paffitt,2021-10-18T12:14:36Z,7.0,136.0
589,Emmeline Hantusch,2021-12-12T04:57:39Z,11.0,84.0
590,Niven Morter,2021-05-17T07:18:48Z,12.0,47.0
591,Antonia Ferdinand,2021-12-27T01:34:52Z,2.0,36.0
592,Anni Mewton,2021-04-20T12:17:27Z,9.0,37.0
593,Ruthi Liversedge,2021-09-11T16:28:28Z,6.0,67.0
594,Vinny Liggins,2021-03-18T22:07:38Z,4.0,112.0
595,Charita Wyldish,2021-10-12T22:01:00Z,4.0,54.0
596,Noble Spere,2021-06-04T01:46:24Z,6.0,83.0
597,Rahal Callf,2021-03-17T11:36:22Z,6.0,55.0
598,Hope Yakovliv,2021-03-10T23:26:15Z,3.0,105.0
599,Chrystal Kopje,2021-12-12T14:46:11Z,8.0,25.0
600,Niels Jendrys,2021-05-03T08:55:24Z,10.0,58.0
601,Vincents Lees,2021-09-08T17:09:48Z,3.0,32.0
602,Gamaliel Simonnin,2021-08-29T14:31:30Z,4.0,79.0
603,Zulema McGiffie,2021-07-29T04:57:18Z,2.0,40.0
604,Trace Bowe,2021-11-19T08:02:23Z,7.0,51.0
605,Matteo De Clairmont,2021-07-12T23:31:13Z,6.0,173.0
606,Mitzi Zoane,2021-08-21T09:29:56Z,5.0,150.0
607,Inglis Toogood,2021-08-25T10:07:55Z,2.0,59.0
608,Rita Rakes,2021-06-19T12:52:29Z,9.0,37.0
609,Doyle Galpen,2021-10-09T23:59:20Z,5.0,72.0
610,Andreas Adkin,2021-12-01T00:02:41Z,5.0,128.0
611,Hill Anders,2021-08-25T22:24:12Z,1.0,93.0
612,Jazmin Orgel,2021-08-07T05:23:59Z,7.0,104.0
613,Sigrid Leversha,2022-02-15T21:20:01Z,9.0,37.0
614,Shawn O'Kinneally,2021-12-13T17:34:03Z,4.0,80.0
615,Jillana Neeson,2021-06-12T05:50:40Z,3.0,111.0
616,Emlen Whitton,2021-09-02T02:03:36Z,7.0,79.0
617,Valenka Annwyl,2021-12-26T16:39:06Z,6.0,57.0
618,Hasheem De la Yglesia,2021-10-13T13:06:05Z,8.0,69.0
619,Karlene Hendonson,2021-07-04T21:23:44Z,10.0,111.0
620,Cilka Cariss,2021-08-15T02:44:41Z,4.0,33.0
621,Sheri Vice,2021-05-08T05:22:33Z,5.0,80.0
622,Dodie Codlin,2021-03-14T09:53:53Z,6.0,74.0
623,,2022-01-04T17:42:48Z,7.0,48.0
624,Stearne Boord,2021-11-10T05:00:20Z,6.0,62.0
625,Toddy Bragger,2021-04-28T00:16:29Z,8.0,93.0
626,Maribeth Stirtle,2021-04-06T18:16:06Z,7.0,118.0
627,Deanne Pilcher,2021-11-19T09:36:41Z,6.0,86.0
628,Adan Simonds,2021-12-19T13:16:46Z,3.0,121.0
629,Goldia Gottelier,2021-11-07T06:24:02Z,6.0,84.0
630,Adler Allon,2021-07-18T04:20:02Z,5.0,99.0
631,Yettie Tellenbrok,2021-11-12T14:12:30Z,9.0,29.0
632,Loree Dytham,2022-02-16T08:39:30Z,7.0,92.0
633,Charline Axtell,2021-09-19T15:49:14Z,9.0,69.0
634,Duff Bauld,2021-12-10T01:40:03Z,5.0,60.0
635,Winne Kemet,2021-06-03T02:26:49Z,3.0,85.0
636,Adair Spellessy,2021-12-18T18:21:44Z,11.0,115.0
637,Serena Iacovolo,2021-06-08T19:19:29Z,6.0,89.0
638,Revkah Franke,2021-04-11T08:45:42Z,2.0,93.0
639,Candis Brayshay,2021-02-04T08:09:56Z,11.0,71.0
640,Auguste Savage,2021-04-09T17:40:07Z,6.0,91.0
641,Muffin Oldall,2021-08-26T17:59:42Z,6.0,120.0
642,Ronda Prichard,2022-02-18T11:53:32Z,4.0,65.0
643,Andi Haylett,2021-10-30T16:13:54Z,6.0,104.0
644,Bjorn Cremen,2021-07-26T23:50:08Z,5.0,62.0
645,Hedvige Vogelein,2021-02-05T01:19:11Z,9.0,63.0
646,Shelagh Scoffins,2021-09-27T15:35:59Z,6.0,148.0
647,Flori Priscott,2022-01-27T19:23:12Z,8.0,41.0
648,August Scotsbrook,2021-05-08T12:36:31Z,6.0,37.0
649,Karina Brunt,2021-05-12T13:10:15Z,8.0,52.0
650,Callida Helmke,2021-09-08T15:11:04Z,9.0,124.0
651,Shirlee Morcomb,2021-09-27T11:14:02Z,6.0,54.0
652,Corabel Fowlestone,2021-11-17T14:28:16Z,2.0,68.0
653,Catlee Baroc,2021-10-08T22:28:59Z,5.0,71.0
654,Gloria Semechik,2021-06-19T03:05:48Z,9.0,133.0
655,Juliette Josuweit,2021-11-29T13:22:57Z,7.0,68.0
656,Fayina Trevarthen,2021-07-15T22:42:57Z,6.0,30.0
657,Gawen Saggs,2021-10-06T13:28:02Z,2.0,41.0
658,Valeria Bidwell,2021-07-30T11:00:26Z,4.0,45.0
659,Tailor Phizakarley,2021-12-29T00:43:35Z,5.0,44.0
660,Beaufort Fifoot,2021-09-01T01:18:37Z,4.0,154.0
661,Winnie Nalder,2021-02-16T19:23:07Z,5.0,63.0
662,Ingunna Sikorski,2022-02-04T17:23:50Z,3.0,75.0
663,Catha Gowrie,,4.0,85.0
664,Meara Leipelt,2021-08-10T11:12:53Z,9.0,90.0
665,Noah Blazejewski,2021-08-31T16:10:47Z,10.0,44.0
666,Rad Malt,2021-04-06T02:41:00Z,6.0,135.0
667,Jinny Navarre,2021-10-08T18:12:40Z,8.0,67.0
668,Larry Markus,2021-09-16T01:10:45Z,8.0,103.0
669,Shannan Wollen,2021-02-23T18:13:10Z,10.0,28.0
670,Cordelia Hembling,2021-12-27T06:46:11Z,5.0,94.0
671,Ernaline Stroulger,2021-12-09T07:06:19Z,8.0,91.0
672,Windham Biesterfeld,2021-05-09T01:14:51Z,5.0,61.0
673,Cosette Briffett,2022-01-15T02:19:34Z,6.0,88.0
674,Marita Wakeman,2021-06-20T17:40:30Z,3.0,157.0
675,Roxanna Verny,2021-10-13T12:19:36Z,7.0,68.0
676,My Challice,2021-12-30T10:24:40Z,4.0,163.0
677,Karel Lyne,2021-04-21T07:40:11Z,3.0,32.0
678,Rhonda Rembaud,2021-12-16T01:57:07Z,3.0,97.0
679,Aguste Baseley,2021-05-24T20:06:57Z,4.0,81.0
680,Werner Baldrick,2021-04-24T12:53:43Z,6.0,68.0
681,Janek Fleay,2021-08-07T11:01:52Z,9.0,45.0
682,Noemi Brignall,2022-01-28T13:25:09Z,2.0,58.0
683,Fidel Massimo,2021-08-28T21:27:34Z,9.0,58.0
684,D'arcy Lunam,2021-07-01T14:02:42Z,6.0,109.0
685,Bruno Pales,2022-01-16T19:23:39Z,,92.0
686,Bessy Feavers,2021-06-05T11:10:18Z,10.0,36.0
687,Evaleen Dotterill,2021-12-08T10:40:18Z,7.0,56.0
688,Hamel Bearman,2022-01-20T19:51:12Z,8.0,58.0
689,Jacquelin O'Farrell,2021-04-05T13:47:36Z,8.0,33.0
690,Sarene Ilyinykh,2021-10-29T15:50:09Z,3.0,123.0
691,Benedetto Heazel,2021-12-12T15:14:57Z,9.0,77.0
692,Algernon McCraw,2021-04-20T16:57:46Z,8.0,55.0
693,Rebeca Rubinsohn,2022-02-05T05:38:16Z,3.0,156.0
694,Fergus Fiddler,2021-05-21T01:38:27Z,9.0,115.0
695,Gillan Sheber,2021-04-19T06:09:16Z,12.0,38.0
696,Evered Schindler,2021-05-09T13:06:04Z,9.0,59.0
697,Sumner Paulisch,2021-03-17T01:09:33Z,4.0,164.0
698,Daloris D'Ambrosio,2021-05-12T16:08:02Z,6.0,56.0
699,Nettle Armstrong,2021-06-17T21:44:49Z,8.0,60.0
700,Amos Oneal,2021-08-16T10:13:06Z,7.0,54.0
701,Clarie Dionsetti,2021-08-31T16:56:37Z,12.0,10.0
702,Ettore Duigan,2021-05-21T01:13:45Z,10.0,28.0
703,Ahmed Cristofolini,2022-01-01T01:11:48Z,6.0,69.0
704,Linell Bocken,2022-02-03T14:58:21Z,4.0,107.0
705,Bonita Bethune,2021-10-09T06:43:41Z,7.0,116.0
706,Valentina MacTavish,2021-11-06T18:12:29Z,8.0,64.0
707,Berty Ollivierre,2021-07-17T11:39:45Z,3.0,46.0
708,Charles Bleesing,2021-08-04T20:40:38Z,7.0,63.0
709,Nev Doghartie,2021-02-22T15:37:40Z,6.0,42.0
710,Augusto Etherson,2021-07-28T04:08:09Z,3.0,45.0
711,Andra Walthall,2021-07-14T11:32:38Z,4.0,54.0
712,Cathrin Bourke,2021-05-20T07:20:04Z,3.0,59.0
713,Isa Blees,2021-07-23T15:23:37Z,3.0,66.0
714,Mala Divina,2021-05-04T04:52:48Z,6.0,171.0
715,Isobel Brettle,2021-12-21T03:04:31Z,5.0,138.0
716,Evered Cowland,2021-07-04T11:45:42Z,5.0,68.0
717,Marcelo Lakeland,2021-04-03T22:41:04Z,9.0,145.0
718,Berty Matei,2021-10-25T16:46:28Z,12.0,71.0
719,Delmer McCory,2021-09-15T05:06:53Z,5.0,80.0
720,Shaine Pavlenko,2021-03-10T08:59:47Z,9.0,58.0
721,Marge Pagelsen,2021-07-17T20:48:43Z,3.0,20.0
722,Cherilynn Limpenny,2021-10-21T09:58:04Z,6.0,63.0
723,Alexandrina Sambiedge,2022-01-27T17:35:44Z,7.0,31.0
724,Bliss Braim,2021-07-19T01:26:16Z,4.0,25.0
725,Tomas Chesson,2021-08-14T00:19:33Z,9.0,121.0
726,Leigh Rittelmeyer,2021-07-24T16:19:53Z,9.0,36.0
727,Raynor Comber,2021-10-12T13:21:06Z,6.0,118.0
728,Kelwin Voysey,2021-07-29T22:03:28Z,12.0,79.0
729,Milty Spence,2021-06-09T11:44:08Z,7.0,57.0
730,Rodolphe Assiter,2021-06-18T08:04:32Z,8.0,73.0
731,Maynord Swainsbury,2022-01-19T13:42:28Z,3.0,43.0
732,Cyrille Veazey,2022-02-11T05:14:27Z,9.0,65.0
733,Parsifal Bernardon,2021-02-19T11:37:58Z,5.0,91.0
734,Rock Reach,2021-12-30T11:42:43Z,10.0,97.0
735,Chrissie Adcock,2021-06-30T17:27:15Z,2.0,55.0
736,Chalmers Aplin,2021-05-29T22:18:33Z,7.0,59.0
737,Kissiah Edmeades,2021-05-19T05:03:28Z,8.0,54.0
738,Ettore Mulcock,2021-11-30T14:24:17Z,9.0,99.0
739,Rafael Seddon,2021-02-02T16:34:47Z,9.0,144.0
740,Jonie Schapero,2021-09-21T20:10:08Z,8.0,95.0
741,Malachi Loxton,2022-01-13T08:58:21Z,6.0,133.0
742,Wadsworth Streatfeild,2021-09-09T07:15:17Z,9.0,50.0
743,Georg Prince,2021-10-31T16:51:12Z,9.0,69.0
744,Jilli Feechum,2022-02-10T11:47:45Z,5.0,52.0
745,Mickie Haverson,2021-05-06T21:16:22Z,7.0,68.0
746,Lorette Barkhouse,2021-08-02T16:46:36Z,11.0,76.0
747,Lettie Braden,2021-03-15T12:22:30Z,9.0,87.0
748,Indira Pitkeathley,2021-10-28T03:07:10Z,3.0,109.0
749,Roseanne Emps,2022-02-14T00:13:48Z,7.0,55.0
750,Alidia Fulmen,2021-12-23T12:38:00Z,3.0,69.0
751,Zarah Swigger,2022-01-30T04:03:58Z,6.0,107.0
752,Dennet Skaif,2021-10-08T03:28:08Z,3.0,47.0
753,Victoria Kordt,2021-02-07T16:29:45Z,12.0,53.0
754,Aldis Branford,2021-09-07T22:00:56Z,4.0,58.0
755,Cass Wilton,2021-05-25T17:39:37Z,3.0,42.0
756,Rickie Sacher,2021-09-10T02:16:45Z,9.0,68.0
757,Patrizio Billingsly,2021-07-08T20:56:14Z,5.0,126.0
758,Dyanne Rainy,2021-06-11T00:56:42Z,8.0,
759,Stern Di Biaggi,2021-05-14T13:25:51Z,7.0,52.0
760,Giuditta Mower,2021-07-20T03:00:34Z,7.0,166.0
761,Adi Tilburn,2021-05-23T19:21:04Z,11.0,104.0
762,Frank Creane,2021-09-26T15:46:49Z,7.0,51.0
763,Rozella Domleo,2021-07-27T21:55:10Z,8.0,109.0
764,Nancee Jakubczyk,2021-07-29T04:51:22Z,8.0,47.0
765,Rosemary Brabyn,2021-02-23T04:36:02Z,3.0,32.0
766,,2021-05-31T05:31:53Z,2.0,67.0
767,Heinrik Fucher,2022-01-01T04:57:08Z,9.0,60.0
768,Moises Matysik,2021-07-02T05:17:36Z,8.0,105.0
769,Alena Colliver,2021-02-08T01:15:16Z,4.0,110.0
770,Ally Binley,2021-09-11T02:00:56Z,8.0,104.0
771,Theo Simcock,2021-06-14T11:21:57Z,7.0,64.0
772,Loralyn Carnie,2021-02-20T18:13:06Z,9.0,132.0
773,,2021-11-16T02:34:50Z,5.0,35.0
774,Agata Magrane,2022-01-16T17:56:33Z,6.0,152.0
775,Clarice Maun,2021-07-10T10:31:57Z,7.0,153.0
776,Cele Marciek,2022-01-22T02:19:51Z,3.0,83.0
777,Milo Geraldez,2021-05-15T07:32:38Z,7.0,142.0
778,Ross Fuggle,2021-11-29T15:13:22Z,9.0,83.0
779,Darwin Rycroft,2021-03-07T15:25:52Z,9.0,117.0
780,Annabelle Edmonston,2022-02-01T20:15:42Z,2.0,79.0
781,Junina Vasishchev,2022-02-17T00:01:13Z,8.0,74.0
782,Risa Kiddye,2022-01-01T21:41:23Z,11.0,71.0
783,Herve Shakespeare,2021-05-13T14:01:00Z,7.0,116.0
784,Selby Raspison,2021-12-23T02:20:02Z,3.0,50.0
785,Torey Spadelli,2021-05-31T15:18:58Z,5.0,53.0
786,Virgie Yong,2021-11-16T18:03:24Z,5.0,55.0
787,Flossi Hernik,2021-02-03T03:35:09Z,9.0,64.0
788,Christie Hadlow,2021-06-24T20:52:53Z,9.0,53.0
789,Jennine Fakeley,,2.0,94.0
790,Emmie Baly,2022-02-18T18:02:41Z,5.0,66.0
791,Theda Mossman,2021-08-25T20:47:09Z,6.0,61.0
792,Hetty Cawthery,2022-01-21T11:08:04Z,10.0,
793,Shanna Luisetti,2021-05-31T09:02:52Z,4.0,52.0
794,Loise Watkiss,2021-05-10T05:56:39Z,6.0,63.0
795,Bonny Storms,2021-06-20T14:36:13Z,6.0,43.0
796,Roxane McCahill,2021-03-31T02:28:56Z,10.0,70.0
797,Ruddie De Morena,2021-10-01T06:16:46Z,4.0,81.0
798,Bridie Burless,2021-07-24T13:15:28Z,7.0,74.0
799,Kristien Leeds,2021-03-10T07:35:09Z,5.0,58.0
800,Karylin Glusby,2021-08-12T18:49:22Z,9.0,65.0
801,Ursala Cloy,2021-08-09T12:04:53Z,10.0,59.0
802,Kelley Prop,2021-05-17T22:42:27Z,5.0,109.0
803,Vivyanne Bohlens,2021-10-05T13:00:27Z,11.0,55.0
804,Gracia Sibylla,2021-09-18T23:55:01Z,9.0,149.0
805,Rudie Omand,2022-01-12T11:59:08Z,6.0,73.0
806,Barth Plott,2021-05-10T22:10:37Z,5.0,53.0
807,Emmet Gridon,2021-07-02T23:16:42Z,12.0,50.0
808,Electra Frary,2021-11-08T10:37:37Z,5.0,81.0
809,Krishnah Gilham,2022-02-13T04:03:01Z,6.0,67.0
810,Lia Marshal,2022-02-01T01:51:26Z,5.0,50.0
811,Georgeanna Egan,2021-09-21T16:23:23Z,3.0,60.0
812,Izzy Hammerson,2021-12-05T06:48:48Z,3.0,63.0
813,Betty Juara,2021-03-04T17:54:57Z,5.0,43.0
814,Theodore Pigeon,2022-01-19T08:37:25Z,5.0,35.0
815,Lucian Carmo,2022-01-29T01:13:55Z,5.0,64.0
816,Caralie Landrick,2021-08-25T16:20:38Z,5.0,103.0
817,Virge Algar,2022-01-21T12:23:15Z,6.0,68.0
818,Yancy Tapply,2021-03-08T16:17:01Z,8.0,130.0
819,Winnah Benthall,2022-01-11T22:50:26Z,11.0,65.0
820,Myrna Buse,2021-04-20T21:32:34Z,2.0,98.0
821,Lindsay Yven,2021-08-10T08:04:48Z,10.0,9.0
822,Ericha Doohan,2021-07-12T05:53:34Z,4.0,55.0
823,Barr Benam,2021-11-23T12:25:15Z,7.0,46.0
824,Kaitlynn Rannald,2021-04-18T15:11:19Z,,64.0
825,Daisi Glasscock,2021-06-18T01:07:26Z,3.0,34.0
826,Holly Pietroni,2021-05-05T21:10:33Z,8.0,89.0
827,Opalina Dowdell,2021-12-24T00:11:19Z,5.0,84.0
828,Rickey Pickering,2021-06-01T01:35:52Z,6.0,36.0
829,Cory Lawlan,2021-11-15T09:24:55Z,3.0,53.0
830,Charla Pottes,2021-11-23T17:02:47Z,4.0,85.0
831,,2021-10-22T16:30:46Z,6.0,11.0
832,Letta Paull,2021-10-29T02:35:02Z,,122.0
833,Essa Cottingham,2022-02-12T16:37:52Z,8.0,113.0
834,Kurtis Dallin,2021-08-26T07:52:05Z,5.0,53.0
835,Coleman Friary,2021-09-15T03:08:03Z,8.0,45.0
836,Jorgan Hillaby,2022-02-17T20:01:00Z,8.0,92.0
837,Wilton Muldrew,2021-08-05T03:41:35Z,3.0,9.0
838,Sheeree Romei,2022-01-23T19:30:31Z,6.0,103.0
839,Camille Brumble,2022-02-02T23:11:47Z,10.0,66.0
840,Haily Dicken,2021-06-02T23:40:43Z,6.0,51.0
841,Burlie Cuttin,2021-12-16T15:07:37Z,4.0,67.0
842,Lelah Syder,2021-09-14T01:55:50Z,7.0,62.0
843,Julio Pallaske,2021-12-26T12:06:57Z,4.0,66.0
844,Agnesse Fazan,2021-04-15T14:17:58Z,7.0,53.0
845,Knox Kinig,2021-07-07T13:25:43Z,4.0,66.0
846,Rouvin Gatch,2021-05-07T18:31:10Z,9.0,54.0
847,Myrtia Bertrand,2021-12-01T22:21:26Z,9.0,61.0
848,Randolph Revance,2021-10-09T10:12:36Z,11.0,74.0
849,Melina Pires,2021-05-13T12:00:46Z,9.0,82.0
850,Chryste Farndell,2021-05-28T06:27:59Z,1.0,68.0
851,Karna Miles,2021-07-02T22:00:33Z,4.0,30.0
852,Titus Shotter,2021-04-19T05:42:07Z,1.0,107.0
853,Meryl Bellerby,2021-05-25T23:05:12Z,8.0,109.0
854,Normie Haugen,2021-12-24T00:47:20Z,12.0,100.0
855,Hanna Ilyas,2021-11-14T17:36:26Z,8.0,66.0
856,Quinta Biddell,2021-05-06T08:05:22Z,4.0,178.0
857,Joyann Trump,2022-02-02T00:53:43Z,6.0,67.0
858,Cirilo Kemer,2021-06-28T03:01:01Z,9.0,53.0
859,Saree Balnaves,2021-08-26T09:56:13Z,10.0,56.0
860,Marin Elington,2022-02-08T10:39:02Z,1.0,68.0
861,Ferdinanda Montel,2021-09-08T19:08:49Z,8.0,145.0
862,Yoko Minards,2021-06-05T01:00:09Z,8.0,123.0
863,Rafferty Queste,2021-05-16T04:14:22Z,9.0,135.0
864,Alane James,2021-12-30T17:18:24Z,4.0,46.0
865,Sebastian Fereday,2021-04-24T16:53:18Z,3.0,97.0
866,Nessie Attoc,2021-06-30T07:29:57Z,8.0,50.0
867,Betsey Sweed,2021-03-23T13:05:34Z,6.0,66.0
868,Josefina Shaughnessy,2021-06-24T16:10:06Z,4.0,86.0
869,Cesaro Neggrini,2021-12-14T11:36:55Z,3.0,111.0
870,Baldwin Purvess,2021-12-26T08:05:10Z,6.0,95.0
871,Toiboid Opdenorth,2021-10-09T12:07:38Z,5.0,72.0
872,Hedwig Cuningham,2021-02-25T06:29:29Z,10.0,53.0
873,Aldous Walworche,2021-11-11T15:57:19Z,2.0,96.0
874,Lorettalorna Spyer,2021-12-21T05:42:31Z,5.0,37.0
875,Florencia Ealden,2021-04-28T22:46:05Z,5.0,38.0
876,Ignacio Cutmare,2021-04-02T03:56:39Z,3.0,58.0
877,Tadio Low,2021-06-05T14:51:06Z,7.0,84.0
878,Billie Clyburn,2022-02-08T03:31:23Z,10.0,86.0
879,Waylin Horsfield,2021-07-19T10:35:56Z,8.0,60.0
880,Lotti Flewett,2021-08-26T03:04:00Z,7.0,86.0
881,Frederich Roswarn,2022-02-05T17:16:15Z,8.0,32.0
882,Carleen Catterill,2021-05-04T05:57:27Z,7.0,145.0
883,Batholomew Shorbrook,2021-07-27T20:19:52Z,5.0,66.0
884,Joey Kobera,2021-11-30T04:47:29Z,9.0,145.0
885,Lorne Halfhead,2022-01-02T07:46:09Z,10.0,60.0
886,Judy Beynke,2021-08-19T06:57:40Z,4.0,63.0
887,Trudey Jellard,2021-03-26T18:34:03Z,4.0,46.0
888,Willetta Wickey,2021-07-26T05:22:04Z,7.0,152.0
889,Sibylla Abram,2021-10-10T03:10:42Z,8.0,89.0
890,Carlina Rilston,2022-02-02T07:34:10Z,6.0,114.0
891,Brandy Prestney,2021-06-03T22:18:40Z,3.0,51.0
892,Thedrick Glew,2021-11-10T00:17:04Z,6.0,36.0
893,Nertie Sigward,2021-08-20T05:36:10Z,7.0,111.0
894,Catina Adamowitz,2021-12-05T15:55:10Z,10.0,77.0
895,Adela Ivain,2021-05-08T05:41:35Z,5.0,126.0
896,Mata Yanukhin,2021-03-08T05:52:27Z,4.0,66.0
897,Pasquale Wreiford,2021-11-21T04:49:33Z,8.0,57.0
898,Amye Pauel,2021-02-19T17:55:13Z,4.0,51.0
899,Helen-elizabeth Culpin,2021-09-19T23:55:34Z,8.0,77.0
900,Darb Holberry,2021-07-02T15:03:10Z,6.0,41.0
901,Hyacinthie Sillick,2021-06-02T04:54:47Z,8.0,62.0
902,Diandra Malkinson,2021-06-07T19:10:49Z,10.0,68.0
903,Carolyn Stebbing,2022-01-30T20:01:50Z,10.0,32.0
904,Roi Drakers,2021-03-20T03:39:18Z,8.0,158.0
905,Lib Monahan,2021-11-04T12:40:34Z,4.0,50.0
906,Currie Brettle,2022-01-14T06:07:24Z,8.0,56.0
907,Maurizio Gorman,2021-03-22T23:25:55Z,7.0,71.0
908,Roxy Heinrici,2021-12-06T20:53:55Z,8.0,74.0
909,Zebedee MacFaell,2021-12-30T20:25:03Z,8.0,122.0
910,Bar O'Keefe,2021-12-03T14:58:09Z,11.0,76.0
911,Darill Josse,2022-02-18T23:51:51Z,5.0,71.0
912,Ottilie Vearncomb,2021-04-19T02:35:41Z,4.0,99.0
913,Moll Danat,2021-08-16T22:46:13Z,1.0,7.0
914,Freeman Felderer,2021-02-04T09:53:52Z,6.0,128.0
915,Hyatt Oulett,2022-01-11T13:51:35Z,9.0,72.0
916,Nanon Grishechkin,2021-10-06T18:49:57Z,3.0,82.0
917,Gaby Peschka,2021-11-27T18:01:33Z,8.0,118.0
918,Brooke Liddel,2021-03-18T23:30:58Z,9.0,10.0
919,Bobbie Stickells,2022-01-09T21:33:32Z,8.0,175.0
920,Herculie Wolfart,2022-02-03T13:41:48Z,8.0,92.0
921,Dion Aveling,2021-09-14T08:25:13Z,10.0,27.0
922,Vincents Phillipp,2021-05-24T16:01:27Z,7.0,70.0
923,Gill Cocks,2021-04-21T02:49:22Z,8.0,82.0
924,Brunhilde Taggert,2021-11-05T12:57:16Z,9.0,51.0
925,Cary Vedyasov,2021-12-13T12:25:58Z,5.0,36.0
926,Kath Greste,2021-11-20T12:48:00Z,6.0,80.0
927,Lamond Klimaszewski,2021-08-14T04:24:42Z,8.0,114.0
928,Leroi Flynn,2021-07-19T05:22:51Z,5.0,40.0
929,Antonin Sabbins,2021-06-02T12:21:45Z,10.0,113.0
930,Jorrie Obin,2021-04-02T22:45:06Z,4.0,88.0
931,Wilhelmine Coulthard,2021-07-30T06:05:42Z,7.0,57.0
932,Celeste Stops,2021-02-07T22:14:01Z,8.0,
933,Albrecht Karolowski,2021-07-30T02:42:19Z,5.0,18.0
934,Spence Sponer,2021-10-04T19:42:20Z,8.0,64.0
935,Noelle Garm,2022-02-10T06:03:40Z,6.0,77.0
936,Nelly Vasnetsov,2021-10-03T19:08:31Z,11.0,101.0
937,,2021-03-26T20:41:40Z,3.0,60.0
938,Gillie Akess,2021-08-28T23:00:16Z,8.0,120.0
939,Keeley Erie,2021-06-09T23:54:57Z,10.0,46.0
940,Klara Grumell,2022-02-20T21:35:29Z,12.0,134.0
941,Jennee McNirlan,2021-12-03T21:34:36Z,7.0,97.0
942,Joaquin Kamenar,2021-11-29T11:54:05Z,,64.0
943,Samson Folomin,2021-03-07T18:20:04Z,9.0,83.0
944,Rhonda Jephcote,2021-05-04T21:22:06Z,4.0,73.0
945,Lavinie Josey,2021-05-11T14:47:22Z,4.0,109.0
946,Ellsworth Vedyasov,2021-05-23T06:27:20Z,8.0,54.0
947,Paton Frary,2021-07-30T09:44:21Z,7.0,95.0
948,Alexandre Ibanez,2021-02-20T20:57:48Z,5.0,15.0
949,Guinevere Spence,2021-03-04T12:07:57Z,9.0,168.0
950,Devy Willarton,2021-11-04T22:27:36Z,6.0,64.0
951,Beaufort Bhar,2022-01-01T13:12:27Z,7.0,132.0
952,Krisha Bettlestone,2022-01-01T23:48:50Z,9.0,58.0
953,Garwood Boosey,2022-02-07T23:05:05Z,6.0,40.0
954,Vevay Donneely,2022-01-04T20:14:24Z,3.0,52.0
955,Shena Gore,2021-08-16T21:25:08Z,9.0,
956,Brena Myrick,2022-01-06T03:39:27Z,4.0,35.0
957,Jud Clash,2021-04-27T11:28:21Z,5.0,45.0
958,Esdras Milburne,2022-01-30T12:36:20Z,5.0,62.0
959,Marylinda Ellam,2022-01-04T23:18:04Z,5.0,86.0
960,Daphene Lovemore,2021-09-13T14:37:43Z,9.0,71.0
961,Lionello Andriesse,2022-02-12T05:19:44Z,8.0,
962,Guinna Facey,2022-02-07T04:04:34Z,4.0,102.0
963,Stevie Daniels,2021-11-27T15:01:22Z,5.0,64.0
964,Baldwin Hobgen,2021-11-05T04:46:59Z,3.0,64.0
965,Lita Jahner,2021-04-10T00:47:56Z,8.0,60.0
966,Gertrud Magson,2022-02-02T10:24:52Z,2.0,42.0
967,Jessee Lopez,2021-10-17T17:04:58Z,6.0,37.0
968,Gunar Sreenan,2021-06-13T12:10:28Z,5.0,71.0
969,Dulcea Banner,2021-10-23T15:12:49Z,3.0,37.0
970,,2021-08-08T06:06:40Z,4.0,33.0
971,Katherina Garoghan,2021-12-17T17:49:37Z,7.0,85.0
972,Bridgette Sapseed,2021-09-12T18:31:04Z,8.0,158.0
973,Stanleigh Welbeck,2022-02-12T05:06:22Z,10.0,97.0
974,Hewet Civitillo,2021-06-17T20:27:34Z,6.0,97.0
975,Gina MacAllen,2021-11-15T16:17:51Z,3.0,106.0
976,Gerrard Clewett,2021-03-10T08:19:27Z,2.0,85.0
977,Tremain Kenningley,2021-03-16T01:52:49Z,1.0,39.0
978,Harwilll Mattiato,2021-08-23T11:30:08Z,4.0,127.0
979,Marney Oslar,2021-12-13T02:36:36Z,6.0,50.0
980,Crystal Bangham,2022-01-27T11:51:29Z,4.0,44.0
981,Hadlee Bonnar,2021-04-29T00:00:37Z,7.0,158.0
982,Kermy Bunton,2021-06-23T20:56:05Z,5.0,64.0
983,Felicia Gunton,2021-08-09T04:54:47Z,8.0,100.0
984,Violette Hallewell,2021-08-03T10:11:53Z,8.0,142.0
985,Erena Search,2022-01-07T13:13:18Z,9.0,78.0
986,Starla Drugan,2021-04-24T14:10:15Z,4.0,54.0
987,Shaina Shervington,2021-12-13T10:05:09Z,3.0,60.0
988,Danya Kid,2021-10-12T03:46:10Z,6.0,87.0
989,Sherrie Armor,2021-10-12T01:14:30Z,4.0,65.0
990,Claudian Eardley,2022-01-24T14:38:23Z,5.0,125.0
991,Alissa Stafford,2022-01-13T12:54:26Z,3.0,79.0
992,Tad Rowan,2021-11-15T06:08:43Z,5.0,35.0
993,Maggy Mendez,2021-04-11T12:51:33Z,3.0,61.0
994,Hedi Parramore,2022-01-07T06:21:37Z,4.0,38.0
995,Goran Carde,2021-08-22T21:57:53Z,7.0,22.0
996,Cirstoforo Pettipher,2021-04-01T17:48:42Z,12.0,97.0
997,Wilek O'Cridigan,2021-05-04T12:19:50Z,6.0,99.0
998,Jerry Ducker,2021-10-03T14:12:50Z,6.0,116.0
999,Jerri Osmar,2022-01-18T10:47:37Z,8.0,95.0
1000,Vivian O'Boyle,2021-11-08T19:06:28Z,6.0,134.0
1001,Harold Abram,2021-11-07T02:48:42Z,6.0,76.0
1002,Ty Adamowitz,2021-05-30T05:43:46Z,4.0,104.0
1003,Lyman Adcock,2021-09-01T23:27:38Z,7.0,16.0
1004,Lotti Adkin,2021-10-01T13:04:21Z,4.0,133.0
1005,Gretna Agnolo,2021-10-10T22:22:17Z,4.0,47.0
1006,Marlow Aizikov,2021-04-23T23:45:42Z,6.0,71.0
1007,Joan Akehurst,2021-10-10T01:33:31Z,6.0,62.0
1008,Ulrick Akess,2021-07-24T01:28:40Z,2.0,54.0
1009,Lucretia Alabaster,2021-04-01T21:22:47Z,8.0,88.0
1010,Arty Alexsandrev,2022-02-08T12:27:07Z,8.0,39.0
1011,Libbi Algar,2021-07-05T04:55:10Z,8.0,68.0
1012,Jacky Allchin,2021-06-20T11:59:41Z,8.0,34.0
1013,Raine Allcock,2021-12-23T08:23:34Z,5.0,70.0
1014,Melonie Allon,2021-12-30T23:08:59Z,4.0,69.0
1015,Robers Amesbury,2021-02-16T20:00:38Z,5.0,154.0
1016,Bone Anders,2021-06-21T09:11:06Z,7.0,125.0
1017,Andee Andri,2021-04-01T10:28:22Z,6.0,94.0
1018,Gay Andriesse,2021-12-24T13:40:11Z,5.0,115.0
1019,Loralie Andrzejczak,2021-10-19T20:10:46Z,6.0,143.0
1020,Tobi Angeau,2022-02-20T07:46:22Z,7.0,40.0
1021,Mandel Annwyl,2021-12-18T22:55:26Z,7.0,96.0
1022,Toddy Antalffy,2021-12-05T18:00:50Z,6.0,129.0
1023,Jeremias Antecki,2021-10-01T08:16:32Z,7.0,63.0
1024,Lemar Aplin,2021-07-13T15:39:49Z,3.0,20.0
1025,Tanner Arboin,2021-10-16T05:41:59Z,4.0,141.0
1026,Bartolomeo Arghent,2021-02-07T09:03:49Z,6.0,92.0
1027,Elvina Armor,2021-09-29T20:34:33Z,3.0,23.0
1028,Letitia Armstrong,2021-11-20T15:33:14Z,8.0,137.0
1029,Warner Aronsohn,2021-08-30T17:22:09Z,3.0,99.0
1030,Geri Ashpital,2022-02-16T21:08:33Z,5.0,49.0
1031,Jerald Assiter,2022-01-15T02:33:31Z,10.0,122.0
1032,Wilt Astbury,2021-09-26T21:51:10Z,9.0,114.0
1033,Aldwin Athow,2021-09-27T11:12:00Z,6.0,63.0
1034,Corena Attoc,2021-05-08T01:43:42Z,12.0,52.0
1035,Malchy Avann,2022-02-20T10:39:43Z,11.0,37.0
1036,Gasparo Aveling,2021-11-07T11:41:10Z,5.0,68.0
1037,Nikkie Axtell,2021-12-30T05:37:33Z,7.0,57.0
1038,Louisa Bachelor,2021-02-11T14:29:26Z,4.0,33.0
1039,Brook Backen,2021-09-27T12:50:01Z,5.0,58.0
1040,Cly Baldrick,2022-01-01T06:33:57Z,9.0,75.0
1041,Jena Balmer,2021-05-04T19:49:00Z,4.0,71.0
1042,Pail Balnaves,2021-09-14T03:08:04Z,11.0,123.0
1043,Agneta Baly,2021-09-29T12:36:18Z,9.0,50.0
1044,Lanae Bangham,2021-05-14T18:26:59Z,5.0,61.0
1045,Gipsy Banner,2021-12-17T11:47:44Z,5.0,73.0
1046,Philly Barhims,2021-03-03T14:48:53Z,8.0,141.0
1047,Jimmie Barkhouse,2021-02-04T07:50:18Z,5.0,44.0
1048,Lonee Baroc,2021-06-07T09:12:33Z,8.0,32.0
1049,,2021-05-08T23:05:13Z,6.0,91.0
1050,Marybelle Barribal,2021-06-17T10:02:48Z,5.0,79.0
1051,Moe Bartel,2022-02-03T08:06:34Z,12.0,40.0
1052,Trudie Bartens,2021-10-12T02:10:35Z,7.0,135.0
1053,Rebbecca Barzen,2021-11-14T21:00:10Z,2.0,69.0
1054,Bevin Baseley,2021-11-13T08:29:11Z,8.0,5.0
1055,Marielle Baselio,2022-02-02T00:11:54Z,10.0,94.0
1056,Orelie Bassett,2022-01-29T13:52:35Z,6.0,65.0
1057,Meggie Bastin,2022-01-25T18:58:12Z,3.0,124.0
1058,Elia Baton,2021-08-29T23:24:48Z,4.0,88.0
1059,Sharron Battlestone,2022-02-01T15:49:52Z,10.0,33.0
1060,Washington Bauld,2022-01-30T11:38:20Z,4.0,88.0
1061,Artemus Bazeley,2021-02-26T22:38:18Z,3.0,21.0
1062,Lou Bazely,2021-10-14T19:06:01Z,9.0,100.0
1063,Tanhya Bearman,2021-06-15T06:17:11Z,4.0,155.0
1064,Florella Beaulieu,2022-02-11T06:39:40Z,5.0,81.0
1065,Saundra Beecraft,2021-12-29T01:42:44Z,2.0,50.0
1066,Redford Behnecken,2021-04-13T22:51:46Z,4.0,65.0
1067,Thia Bellay,2021-03-10T19:27:10Z,2.0,65.0
1068,Perceval Bellerby,2021-03-16T20:21:07Z,7.0,58.0
1069,Sidoney Benam,2021-03-08T09:28:55Z,4.0,57.0
1070,Ted Benasik,2021-08-09T20:13:21Z,8.0,39.0
1071,Brandea Benjamin,2021-12-11T01:47:11Z,6.0,60.0
1072,Judy Bennedick,2021-10-22T18:48:13Z,6.0,57.0
1073,Matthus Benthall,2021-04-26T04:21:25Z,2.0,57.0
1074,Wilma Bere,2021-02-21T08:24:12Z,10.0,86.0
1075,Xylia Bernadot,2021-10-12T17:24:25Z,8.0,127.0
1076,Carver Bernardin,2022-01-28T17:32:21Z,10.0,35.0
1077,Fayette Bernardon,2021-07-29T08:29:27Z,6.0,73.0
1078,Christalle Bertome,2021-10-04T21:24:21Z,9.0,123.0
1079,Ashley Bertrand,2021-10-24T01:04:52Z,5.0,29.0
1080,Angelika Beslier,2022-02-12T23:11:53Z,10.0,69.0
1081,Caril Bethune,2022-01-22T05:56:43Z,7.0,48.0
1082,Lief Bettles,2021-05-25T00:35:53Z,1.0,44.0
1083,Barth Bettlestone,2021-09-22T21:50:08Z,5.0,44.0
1084,Ludvig Bewsey,2021-02-26T18:47:53Z,9.0,143.0
1085,Dev Beynke,2021-07-01T15:47:16Z,4.0,87.0
1086,Vinnie Bhar,2021-10-31T08:53:54Z,9.0,70.0
1087,Cirstoforo Biddell,2021-10-15T09:19:20Z,3.0,130.0
1088,Rosabelle Bidwell,2021-03-12T14:32:57Z,6.0,118.0
1089,Rodrique Biesterfeld,2021-12-01T13:30:50Z,3.0,81.0
1090,Germana Billin,2021-05-30T17:02:38Z,8.0,24.0
1091,Rolf Billingsly,2021-04-16T15:32:45Z,8.0,146.0
1092,Floria Bineham,,7.0,137.0
1093,Belinda Binion,2021-06-04T09:39:59Z,6.0,72.0
1094,Zachariah Binley,2021-10-01T16:14:13Z,9.0,16.0
1095,Lowell Blaber,,9.0,141.0
1096,Creight Blazejewski,2021-06-29T23:57:57Z,4.0,89.0
1097,Beltran Blees,2021-11-01T05:12:01Z,9.0,27.0
1098,Colman Bleesing,2021-10-12T17:55:32Z,,77.0
1099,Marlo Blezard,2021-05-18T00:45:21Z,4.0,76.0
1100,Karita Blindermann,2021-06-19T03:14:14Z,5.0,62.0
1101,Jenn Blundin,2021-09-19T04:46:12Z,8.0,73.0
1102,Ogden Bocken,2021-03-29T19:31:33Z,3.0,44.0
1103,Cathy Bohlens,2021-07-29T08:55:15Z,6.0,78.0
1104,Wenda Bonnar,2021-11-21T13:03:25Z,2.0,160.0
1105,Jewelle Boord,2021-08-13T11:18:32Z,5.0,163.0
1106,Jasper Boosey,2021-07-13T06:34:38Z,7.0,147.0
1107,Welby Bote,2021-09-04T16:39:58Z,7.0,55.0
1108,Marlie Bothen,2021-08-15T15:50:29Z,9.0,87.0
1109,Bethanne Bourke,2021-03-16T15:21:23Z,7.0,68.0
1110,Renee Bowe,2021-08-31T20:26:32Z,,112.0
1111,Zsazsa Brabyn,2021-08-01T03:27:48Z,10.0,47.0
1112,Brett Braden,2021-06-11T05:54:00Z,8.0,96.0
1113,Carlee Bragger,2021-10-02T19:35:28Z,8.0,61.0
1114,Grady Braim,2021-04-27T09:27:22Z,7.0,58.0
1115,Wilbert Branchet,2021-03-31T12:27:59Z,6.0,100.0
1116,Ardys Branford,2021-11-07T09:12:54Z,11.0,77.0
1117,Putnem Branno,2021-04-23T19:34:46Z,5.0,85.0
1118,Blondell Bransby,2021-04-30T04:32:07Z,6.0,106.0
1119,Lucky Brant,2021-11-24T18:37:55Z,5.0,133.0
1120,Brietta Brayshay,2021-05-24T04:35:22Z,7.0,55.0
1121,Cristy Brend,2021-07-30T11:31:36Z,7.0,38.0
1122,Gnni Brettle,2021-10-09T13:49:28Z,9.0,156.0
1123,Alisha Brettle,2022-01-30T20:44:35Z,5.0,74.0
1124,Merrill Bridgeman,2022-01-30T03:02:22Z,7.0,52.0
1125,Gerri Bridie,2021-02-05T01:06:53Z,5.0,149.0
1126,Olly Briffett,2021-09-01T18:16:34Z,7.0,124.0
1127,Corinne Brignall,2021-12-31T09:40:30Z,3.0,73.0
1128,Reuven Brisson,2022-02-09T19:08:59Z,7.0,87.0
1129,Stephana Britton,2021-02-15T00:32:18Z,3.0,65.0
1130,,2021-10-19T08:43:38Z,1.0,128.0
1131,Angie Brommage,2021-10-23T18:14:59Z,6.0,35.0
1132,Gypsy Brookbank,2021-06-13T17:21:57Z,9.0,49.0
1133,Jennine Brownbill,2022-01-24T14:45:57Z,10.0,86.0
1134,Lacee Brumble,2021-05-17T12:56:53Z,8.0,57.0
1135,Foster Brunt,2022-01-31T02:27:30Z,10.0,76.0
1136,Meryl Buard,2021-04-20T12:03:35Z,7.0,56.0
1137,Ichabod Buck,2021-09-07T09:32:33Z,9.0,90.0
1138,Conrad Bukowski,2022-01-23T01:07:44Z,4.0,113.0
1139,Celina Bundock,2021-03-23T09:04:56Z,7.0,45.0
1140,Putnam Bunton,2021-02-01T12:28:13Z,3.0,77.0
1141,Marylin Burgot,2021-04-24T15:32:05Z,10.0,116.0
1142,Reginald Burless,2021-03-19T23:47:07Z,10.0,105.0
1143,Elston Burnyate,2021-04-28T17:36:53Z,4.0,113.0
1144,Angel Burrell,2022-01-29T22:53:00Z,5.0,113.0
1145,Gretel Buse,2021-11-22T11:13:05Z,6.0,142.0
1146,Deirdre Butt,2021-08-25T02:07:11Z,4.0,47.0
1147,Gaston Buyers,2021-09-29T15:22:40Z,8.0,114.0
1148,Rourke Bycraft,2021-12-25T03:09:37Z,11.0,97.0
1149,Katlin Cabrera,2021-10-28T19:12:05Z,6.0,83.0
1150,Valentia Callf,2021-11-13T13:30:30Z,5.0,79.0
1151,Jarrett Camelli,2021-02-11T21:25:17Z,3.0,89.0
1152,Kori Carcas,2021-04-10T14:02:38Z,7.0,67.0
1153,Truman Carde,2021-09-08T13:11:26Z,9.0,60.0
1154,Lurette Caris,2021-09-16T19:02:39Z,2.0,77.0
1155,Jewel Cariss,2021-09-18T14:37:49Z,8.0,22.0
1156,Mikel Cariss,2021-05-08T14:39:59Z,1.0,98.0
1157,Kellia Carmo,2021-11-08T20:44:30Z,6.0,136.0
1158,Rube Carnie,2021-07-25T12:54:20Z,7.0,52.0
1159,Gayleen Carnihan,2021-11-18T11:53:15Z,3.0,58.0
1160,Sher Casale,2022-01-02T10:43:20Z,10.0,106.0
1161,Nobe Casper,2021-09-16T06:31:59Z,5.0,83.0
1162,Raff Castleman,2021-04-22T14:31:39Z,8.0,72.0
1163,Nerta Castro,2021-06-23T22:38:42Z,6.0,1.0
1164,Geraldine Catlette,2022-02-14T06:05:35Z,3.0,75.0
1165,Charleen Catterill,2021-11-10T00:57:25Z,11.0,61.0
1166,Hollis Caulwell,2021-08-17T13:58:25Z,5.0,39.0
1167,Alexis Cawthery,2021-03-18T00:15:36Z,3.0,25.0
1168,Toinette Cescon,2021-04-17T07:54:48Z,7.0,70.0
1169,Dannye Chaimson,2021-06-23T21:25:21Z,4.0,90.0
1170,,2021-03-15T10:47:48Z,7.0,130.0
1171,Charis Chanders,2021-06-23T20:53:31Z,12.0,83.0
1172,Roselle Chatto,2021-03-19T02:20:30Z,9.0,81.0
1173,Myra Checcucci,2021-02-16T15:44:56Z,9.0,71.0
1174,Anetta Chesson,2021-10-23T09:14:19Z,10.0,24.0
1175,Billy Chifney,2021-02-13T21:13:22Z,8.0,20.0
1176,Barbie Chittenden,2021-12-26T12:44:34Z,5.0,100.0
1177,Ardella Cholwell,2021-08-25T11:50:02Z,7.0,26.0
1178,Petronilla Chowne,2021-07-17T13:36:02Z,12.0,107.0
1179,Wolfy Churching,2021-02-11T23:08:12Z,10.0,89.0
1180,Siobhan Ciobutaru,2021-03-26T19:07:15Z,7.0,55.0
1181,Joeann Civitillo,2022-02-16T01:58:18Z,6.0,182.0
1182,Renell Clapperton,2021-11-21T12:05:45Z,4.0,48.0
1183,Peyton Clash,2021-05-16T20:39:06Z,4.0,59.0
1184,Alanson Cleve,2021-12-11T21:21:26Z,7.0,153.0
1185,Ryley Clewett,2022-02-04T13:21:15Z,2.0,116.0
1186,Claudelle Cloy,2021-03-10T19:24:19Z,2.0,74.0
1187,Janna Cluely,2021-05-09T23:57:00Z,6.0,168.0
1188,Regen Cluer,2021-05-03T12:35:40Z,3.0,157.0
1189,Donny Clyburn,2021-07-28T02:43:27Z,4.0,51.0
1190,Amalia Cockell,2021-03-05T01:38:06Z,3.0,81.0
1191,Caldwell Cocks,2021-08-16T12:41:01Z,4.0,70.0
1192,Olia Codlin,2021-07-14T22:42:33Z,7.0,57.0
1193,Sarita Cogswell,2021-07-31T14:14:42Z,5.0,58.0
1194,Lonny Collip,2021-04-19T15:31:46Z,4.0,113.0
1195,,2021-08-13T09:22:18Z,10.0,54.0
1196,Harriot Collumbine,2021-03-28T14:14:16Z,6.0,119.0
1197,Mellie Comber,2021-11-04T19:52:29Z,6.0,124.0
1198,Carline Comberbach,2021-05-29T00:23:02Z,4.0,60.0
1199,Fields Conman,2021-04-16T09:51:56Z,6.0,5.0
1200,Erick Conry,2021-06-21T04:58:15Z,3.0,136.0
1201,Brien Constantine,2022-01-08T16:31:01Z,1.0,115.0
1202,Irving Coogan,2021-09-14T13:36:33Z,8.0,65.0
1203,Kienan Corington,2021-10-23T20:14:55Z,4.0,77.0
1204,Dana Costanza,2021-06-05T12:30:23Z,5.0,61.0
1205,Phillis Cottingham,2022-01-09T07:06:46Z,12.0,100.0
1206,Osbourne Coughan,2021-10-28T21:39:48Z,10.0,60.0
1207,Ahmad Coule,2021-05-03T04:57:25Z,8.0,88.0
1208,Rasia Coulston,2022-01-13T03:39:23Z,3.0,62.0
1209,Tova Coulthard,2021-08-18T00:22:54Z,5.0,78.0
1210,Babita Cowderay,2021-04-23T23:35:06Z,9.0,19.0
1211,Berny Cowland,2021-08-14T23:50:27Z,3.0,115.0
1212,Alan Cramphorn,2021-03-22T23:08:28Z,4.0,109.0
1213,Brody Cranna,2021-09-21T22:27:13Z,3.0,48.0
1214,Hermann Creane,2021-06-06T15:24:32Z,5.0,32.0
1215,Ewart Cremen,2021-07-06T08:31:04Z,5.0,71.0
1216,Theobald Cresser,2022-01-26T14:56:48Z,3.0,116.0
1217,Marleen Cristofolini,2021-07-17T02:47:30Z,7.0,142.0
1218,Stephie Crocumbe,2021-11-12T03:24:03Z,6.0,42.0
1219,Malorie Crowthe,2021-09-05T10:03:56Z,4.0,36.0
1220,Aile Crumly,2021-09-26T01:50:27Z,5.0,73.0
1221,Valentia Cudiff,2021-11-04T05:01:46Z,6.0,50.0
1222,Blakelee Cullingworth,2021-05-21T10:52:28Z,2.0,40.0
1223,Malvina Cullnean,2021-03-03T05:07:46Z,6.0,48.0
1224,Hirsch Culpin,2021-02-13T08:05:59Z,8.0,28.0
1225,Barnabas Cumberbatch,2021-05-28T22:29:20Z,9.0,96.0
1226,Hedy Cuningham,2021-07-19T07:29:36Z,5.0,43.0
1227,Jeramey Cunnow,2021-04-03T20:14:34Z,8.0,67.0
1228,Jobi Curner,2021-04-07T07:19:06Z,4.0,38.0
1229,Luke Cutill,2021-09-07T18:22:38Z,7.0,132.0
1230,Arley Cutmare,2022-02-10T20:46:33Z,8.0,45.0
1231,Daisie Cutteridge,2021-10-24T07:07:44Z,9.0,126.0
1232,Zach Cuttin,2021-07-26T16:45:07Z,12.0,81.0
1233,Tony D'Ambrosio,2021-02-15T19:56:57Z,12.0,89.0
1234,Allys D'Enrico,2021-03-18T21:54:34Z,2.0,147.0
1235,Renae Daber,2021-02-13T18:41:07Z,3.0,143.0
1236,Bald Dake,2021-08-04T06:14:18Z,10.0,94.0
1237,Lynda Dallin,2021-10-19T11:39:00Z,6.0,76.0
1238,Odilia Danat,2022-01-28T13:42:03Z,1.0,69.0
1239,Lucretia Daniels,2021-02-06T11:44:17Z,2.0,71.0
1240,Shandy Danjoie,2021-08-03T02:54:07Z,1.0,38.0
1241,Benedetto Darwood,2021-09-30T01:01:01Z,9.0,55.0
1242,Francesca Davidman,2021-03-17T06:37:56Z,4.0,30.0
1243,Juliet Daymont,2021-05-19T07:44:26Z,7.0,69.0
1244,Elspeth De Clairmont,2021-11-19T16:41:34Z,7.0,86.0
1245,Lemuel De Gregoli,2022-01-07T16:23:36Z,8.0,21.0
1246,Neddy De la Yglesia,2021-06-29T18:44:50Z,7.0,50.0
1247,Lyle De Lascy,2021-09-25T23:27:53Z,4.0,43.0
1248,Hanni De Michele,2021-04-08T19:47:24Z,4.0,68.0
1249,Katherina De Morena,2021-11-13T10:19:05Z,7.0,30.0
1250,Ruben Dehn,2021-05-07T15:58:27Z,9.0,91.0
1251,Livia Delacour,2021-09-30T10:58:09Z,5.0,70.0
1252,Merrily Di Biaggi,,7.0,19.0
1253,Ignacio Di Francesco,2021-12-23T22:56:15Z,5.0,72.0
1254,Auberta Dicken,2021-11-10T02:40:56Z,3.0,79.0
1255,Doro Dickey,2021-04-20T08:43:40Z,10.0,61.0
1256,Jobyna Diem,2021-06-17T17:53:43Z,8.0,123.0
1257,Bernie Dilrew,2021-06-26T06:36:44Z,8.0,33.0
1258,Christabella Dimitriev,2021-12-27T03:41:35Z,4.0,139.0
1259,Lamont Dimmer,2021-07-20T01:47:11Z,2.0,78.0
1260,Gweneth Dionsetti,2022-01-27T23:22:52Z,10.0,52.0
1261,Barny Dionsetto,2021-07-22T21:10:35Z,11.0,32.0
1262,Anthe Divina,2022-01-03T15:24:31Z,2.0,151.0
1263,Eldredge Dockerty,2021-06-25T00:23:17Z,8.0,54.0
1264,Gui Dodd,2021-06-06T09:21:20Z,4.0,102.0
1265,Verile Doghartie,2021-10-11T10:53:38Z,4.0,145.0
1266,Michale Domleo,2021-12-12T09:09:25Z,10.0,44.0
1267,Curran Donneely,2021-02-23T08:39:44Z,2.0,76.0
1268,Arin Donson,2021-11-03T22:53:42Z,8.0,54.0
1269,Garvey Doohan,2021-09-27T16:01:02Z,5.0,159.0
1270,Shellie Dootson,2021-12-01T03:30:27Z,11.0,35.0
1271,Jasmin Dorie,2021-11-16T06:25:45Z,8.0,41.0
1272,Ashly Dotterill,2021-09-09T17:05:03Z,5.0,100.0
1273,Lorry Dowdell,2021-02-05T02:01:57Z,8.0,53.0
1274,Lenee Dowtry,2021-08-13T13:17:25Z,6.0,91.0
1275,Trevor Dracey,2021-07-12T04:33:16Z,7.0,60.0
1276,Amandi Drakers,2022-02-09T22:55:47Z,2.0,102.0
1277,Abagael Draude,2021-08-17T02:23:18Z,8.0,42.0
1278,Ddene Drugan,2021-08-16T02:41:54Z,2.0,65.0
1279,Phaidra Dubbin,2021-10-25T12:19:32Z,,38.0
1280,Zoe Ducker,2022-01-21T16:05:53Z,4.0,42.0
1281,Ellerey Dudenie,2021-05-27T20:40:59Z,7.0,135.0
1282,Maudie Dudhill,2021-04-09T20:31:22Z,3.0,84.0
1283,Betti Duggan,2021-09-28T17:47:54Z,3.0,85.0
1284,Sile Duigan,2021-10-25T03:10:45Z,10.0,57.0
1285,Ardeen Dulwitch,2021-05-13T10:34:48Z,4.0,49.0
1286,Frances Dulwitch,2022-01-31T11:35:28Z,7.0,105.0
1287,Dniren Dundin,2022-01-22T22:03:49Z,7.0,99.0
1288,Katerine Dungay,2022-02-09T05:26:37Z,5.0,159.0
1289,Hetti Dungay,2021-06-20T01:05:56Z,7.0,78.0
1290,Cassandre Dunne,2021-10-15T10:36:55Z,11.0,89.0
1291,Chuck Dunniom,2021-06-07T04:46:33Z,3.0,31.0
1292,Brice Duplain,2021-04-08T01:49:32Z,9.0,71.0
1293,Arvie Dyhouse,2021-06-08T21:59:00Z,7.0,49.0
1294,Claretta Dymond,2021-11-01T22:58:21Z,11.0,79.0
1295,Marylou Dytham,2021-11-21T03:14:06Z,5.0,72.0
1296,Alfred Eadmeades,2021-05-11T10:12:02Z,7.0,20.0
1297,Jarvis Ealden,2021-10-03T22:12:05Z,6.0,91.0
1298,Chrysler Eardley,2021-11-02T11:26:37Z,3.0,103.0
1299,Jerrilee Eastop,2022-01-06T11:26:31Z,9.0,65.0
1300,Saidee Eate,2021-05-25T18:08:38Z,7.0,47.0
1301,Anders Edmeades,2021-10-20T07:04:25Z,4.0,38.0
1302,Arlene Edmonston,2021-10-15T20:42:15Z,8.0,41.0
1303,Hillary Egan,2021-09-18T03:12:35Z,10.0,120.0
1304,Tildie Elby,2021-09-29T14:02:27Z,8.0,
1305,Waneta Elfitt,2021-10-17T00:35:10Z,9.0,104.0
1306,Norby Elington,2021-04-11T21:16:34Z,8.0,58.0
1307,Danell Ellam,2021-02-10T17:49:24Z,7.0,103.0
1308,Rodrigo Elphinstone,2021-06-09T03:07:49Z,4.0,72.0
1309,Aleen Emps,2021-03-18T13:39:20Z,2.0,67.0
1310,Revkah Erdis,2022-01-14T02:57:43Z,9.0,169.0
1311,Ursulina Erie,2021-12-10T03:22:45Z,4.0,35.0
1312,Valma Erwin,2021-03-13T03:20:40Z,8.0,128.0
1313,Roberta Etches,2021-12-17T19:55:17Z,4.0,89.0
1314,Luciano Etherson,2021-08-17T07:04:16Z,10.0,25.0
1315,Beverie Ettels,2022-02-12T00:42:13Z,7.0,62.0
1316,Tades Facey,2021-11-27T22:47:12Z,3.0,81.0
1317,Cammy Fader,2021-03-03T01:53:49Z,5.0,136.0
1318,Mimi Fake,2021-03-12T15:25:05Z,11.0,58.0
1319,Wilt Fakeley,2021-03-02T10:23:45Z,8.0,40.0
1320,Artemas Farbrace,2021-08-29T21:05:17Z,4.0,130.0
1321,Darleen Farndell,2021-03-10T23:33:27Z,5.0,84.0
1322,,2021-03-26T23:44:34Z,5.0,47.0
1323,Erv Fazan,,8.0,34.0
1324,Janna Fearnehough,2021-08-18T18:53:09Z,1.0,37.0
1325,Abe Featherby,2021-03-16T08:32:34Z,9.0,82.0
1326,Carlota Feavers,2021-06-25T09:36:48Z,9.0,81.0
1327,Kevina Feechum,2022-01-26T21:24:00Z,6.0,23.0
1328,Grace Felderer,2021-05-02T04:55:20Z,4.0,64.0
1329,Gale Fendt,2021-09-21T23:24:14Z,3.0,19.0
1330,Timotheus Ferdinand,2022-02-16T16:04:14Z,2.0,52.0
1331,Darleen Fereday,2021-03-01T17:01:05Z,9.0,27.0
1332,Nancey Ferrettini,2021-11-24T16:57:25Z,3.0,69.0
1333,Margot Ferroli,2022-02-07T20:42:17Z,3.0,98.0
1334,Tina Fetherstone,2021-09-03T01:13:49Z,4.0,111.0
1335,Arline Fiddler,2021-08-18T09:04:01Z,9.0,22.0
1336,Morissa Fifoot,2021-04-14T04:04:56Z,6.0,94.0
1337,Rosemarie Fleay,2021-11-07T08:25:36Z,6.0,25.0
1338,Ravid Flemmich,2021-10-18T05:23:29Z,9.0,101.0
1339,Penelopa Flewett,2021-10-25T07:38:11Z,8.0,122.0
1340,Thom Flips,2022-01-13T21:09:49Z,5.0,39.0
1341,Bordy Flynn,2021-05-27T03:29:36Z,5.0,42.0
1342,Nathanil Foker,2022-02-11T16:30:12Z,7.0,66.0
1343,Celestina Folca,2022-01-28T10:57:28Z,4.0,118.0
1344,Christen Folkerts,2021-10-11T13:02:28Z,8.0,86.0
1345,Corenda Folomin,2021-03-06T14:32:27Z,7.0,111.0
1346,Iris Ford,2021-06-19T14:35:51Z,3.0,54.0
1347,Sumner Forgie,2022-01-22T09:29:43Z,8.0,49.0
1348,Benny Forsey,2021-04-05T09:33:59Z,3.0,60.0
1349,Winona Forst,2021-04-28T23:14:25Z,5.0,32.0
1350,Gilda Fowlestone,2021-07-13T23:34:40Z,10.0,9.0
1351,Weston Foxton,2021-10-29T06:10:25Z,3.0,60.0
1352,Eunice Francillo,2022-01-14T13:27:30Z,8.0,26.0
1353,Raul Franke,2021-10-05T11:28:11Z,4.0,40.0
1354,Cobby Frankiss,2021-10-03T06:03:40Z,6.0,26.0
1355,Carina Franzini,2021-08-02T02:46:45Z,5.0,80.0
1356,Johnnie Frary,2021-07-06T19:13:15Z,4.0,59.0
1357,Jocelyne Frary,2021-10-14T06:00:13Z,5.0,57.0
1358,Kaycee Frazier,2021-05-20T08:08:48Z,7.0,58.0
1359,Justine Freeborn,2021-04-01T15:30:36Z,2.0,112.0
1360,Killy Friary,2021-04-26T17:23:42Z,4.0,63.0
1361,Ike Friman,2021-06-08T15:10:58Z,3.0,61.0
1362,Melodee Froude,2021-09-28T18:37:19Z,7.0,134.0
1363,Cassi Frudd,2021-10-28T21:33:54Z,2.0,58.0
1364,Ora Fryman,2021-07-07T13:26:49Z,1.0,17.0
1365,Fredelia Fucher,2021-10-22T13:11:20Z,8.0,72.0
1366,Renee Fuggle,2021-12-30T01:29:43Z,6.0,144.0
1367,Ellary Fulmen,2021-09-04T02:00:37Z,6.0,114.0
1368,Rustie Fumagallo,2021-08-03T22:04:17Z,10.0,54.0
1369,Jennifer Furlow,2021-09-08T17:25:22Z,9.0,168.0
1370,Luciana Gages,2022-01-17T10:52:25Z,4.0,61.0
1371,King Gallelli,2022-01-20T02:23:10Z,6.0,48.0
1372,Gabriele Galpen,2022-01-02T14:58:58Z,4.0,139.0
1373,Leisha Gamlen,2021-10-15T07:27:54Z,10.0,70.0
1374,Far Gannicott,2021-08-28T05:42:26Z,4.0,102.0
1375,Tracey Gare,2021-07-23T20:51:44Z,7.0,155.0
1376,Gwenore Garm,2021-05-05T21:46:04Z,7.0,66.0
1377,Guendolen Garoghan,2021-05-11T10:27:43Z,6.0,58.0
1378,Toni Garriock,2021-04-29T13:28:25Z,5.0,29.0
1379,Ruth Gatch,2021-11-16T08:24:18Z,6.0,26.0
1380,Grantley Gauvin,2021-11-12T10:44:41Z,4.0,107.0
1381,Stormi Gawthrop,2021-03-30T18:21:20Z,7.0,112.0
1382,Bowie Geaveny,2021-10-09T07:33:53Z,8.0,61.0
1383,Emmott Geraldez,2021-03-05T20:54:52Z,9.0,59.0
1384,Milicent Giacobo,2021-12-05T16:16:42Z,6.0,122.0
1385,Francine Gilbane,2021-02-13T04:55:49Z,8.0,39.0
1386,Hattie Gilder,2021-10-11T09:49:28Z,3.0,55.0
1387,Dex Gilham,2021-03-15T16:40:34Z,9.0,47.0
1388,Bo Gillmore,2021-05-05T12:25:44Z,8.0,79.0
1389,Emmalynne Ginley,2021-11-07T10:31:09Z,8.0,105.0
1390,Harp Giovanitti,2021-04-20T06:26:16Z,3.0,76.0
1391,Rania Giovanizio,2021-11-29T22:31:08Z,6.0,57.0
1392,Cris Gladdis,2021-04-08T11:54:11Z,1.0,55.0
1393,Bogey Gladtbach,2022-01-05T17:29:34Z,4.0,44.0
1394,Latrena Glasscock,2021-07-03T23:56:41Z,8.0,62.0
1395,Saidee Glew,2021-07-15T10:51:30Z,4.0,70.0
1396,Melisandra Gligoraci,2021-09-28T09:56:07Z,5.0,69.0
1397,Lefty Glusby,2021-09-29T16:34:41Z,5.0,80.0
1398,Kaitlin Goodge,2021-04-21T09:15:22Z,2.0,60.0
1399,Brose Goodwins,2021-10-15T00:32:44Z,7.0,73.0
1400,Babita Gore,2021-04-14T03:05:16Z,7.0,45.0
1401,Kori Gorman,2021-07-26T12:54:13Z,6.0,87.0
1402,Hasty Gottelier,2021-04-03T07:11:50Z,10.0,92.0
1403,Fergus Goudy,2021-08-06T04:46:14Z,12.0,56.0
1404,Chet Goves,2021-12-30T10:03:59Z,1.0,38.0
1405,Reyna Gowrie,2021-03-16T23:50:52Z,8.0,99.0
1406,Isador Greatham,2021-11-25T11:53:35Z,6.0,78.0
1407,Doris Greenman,2021-10-11T22:27:53Z,5.0,65.0
1408,Bonnibelle Greenway,2021-06-13T09:09:27Z,2.0,178.0
1409,Annabela Greeve,2021-06-27T14:27:18Z,4.0,80.0
1410,Vally Greste,2021-03-21T18:25:49Z,8.0,83.0
1411,Dominic Gridon,2021-02-21T23:15:04Z,7.0,58.0
1412,Anna Griffey,2021-10-10T01:28:17Z,8.0,49.0
1413,Berna Grigorkin,2021-08-02T13:21:07Z,,103.0
1414,Anderea Grisard,2021-09-24T20:26:16Z,4.0,78.0
1415,Kari Grishechkin,2021-09-02T02:27:38Z,2.0,44.0
1416,Jacquette Grumell,2021-02-05T01:17:13Z,4.0,77.0
1417,Jeannette Grundey,2021-12-25T02:47:28Z,8.0,69.0
1418,Gilberta Gudgin,2022-02-12T09:56:21Z,7.0,37.0
1419,Hayward Gunton,2021-11-27T00:10:20Z,4.0,59.0
1420,Devon Habberjam,2021-10-19T18:48:33Z,1.0,31.0
1421,Merna Haddock,2021-02-13T09:52:15Z,7.0,75.0
1422,Monika Hadkins,2021-11-20T10:29:25Z,4.0,69.0
1423,Rozelle Hadleigh,2021-08-08T01:23:27Z,,108.0
1424,Jeana Hadlow,2021-07-31T00:51:12Z,8.0,78.0
1425,Brenn Hadye,2021-03-05T08:31:17Z,1.0,7.0
1426,Trumaine Halburton,2021-03-12T13:18:26Z,1.0,64.0
1427,Tara Halfhead,2021-06-23T22:34:51Z,2.0,56.0
1428,Kristofor Hallewell,2021-05-12T20:37:50Z,1.0,47.0
1429,Ashbey Halliburton,2021-03-29T08:49:43Z,6.0,20.0
1430,Zed Hallowes,2021-08-31T05:39:43Z,8.0,159.0
1431,Vyky Hammerberger,2021-09-16T07:21:28Z,5.0,60.0
1432,Jerrine Hammerson,2022-01-20T22:47:27Z,,98.0
1433,Aarika Hantusch,2021-11-04T23:49:53Z,4.0,91.0
1434,Bernadina Hanwell,2021-09-11T00:27:03Z,9.0,5.0
1435,Eleanora Haquin,2021-10-10T03:18:10Z,4.0,79.0
1436,Chanda Hastilow,2021-10-20T12:39:47Z,6.0,64.0
1437,Alwin Haugen,2021-08-28T21:30:46Z,3.0,59.0
1438,Nanine Haverson,2021-09-21T11:01:18Z,4.0,38.0
1439,Florie Haxby,2021-11-27T14:14:20Z,12.0,107.0
1440,Oren Hayball,2021-04-30T15:56:51Z,5.0,111.0
1441,Irwin Haylett,2021-09-08T15:10:49Z,6.0,60.0
1442,Hale Headings,2021-02-07T17:53:58Z,6.0,62.0
1443,Cherey Heazel,2022-01-18T23:00:54Z,4.0,50.0
1444,Jacenta Hegden,2021-09-21T15:57:18Z,8.0,74.0
1445,Gilles Heino,2021-09-09T23:54:01Z,12.0,119.0
1446,Risa Heinrici,2021-11-18T21:46:42Z,6.0,48.0
1447,Midge Held,2021-10-28T15:25:45Z,7.0,43.0
1448,Greg Hellmore,2021-04-01T04:19:05Z,5.0,42.0
1449,Emory Helmke,2021-03-16T06:56:02Z,7.0,44.0
1450,Loise Hembling,2021-08-30T21:22:26Z,8.0,55.0
1451,Avrit Hendonson,2021-02-24T02:15:31Z,11.0,31.0
1452,Truman Henniger,2021-02-09T16:22:58Z,8.0,66.0
1453,Liz Henrichsen,2022-02-10T03:35:50Z,5.0,64.0
1454,Gilda Heritege,2021-12-20T16:14:04Z,6.0,122.0
1455,Rodge Hernik,2022-01-30T00:17:44Z,4.0,31.0
1456,Rivi Hiley,2021-03-31T09:56:30Z,3.0,78.0
1457,Marcelline Hillaby,2021-11-20T06:31:58Z,9.0,73.0
1458,Norean Hobbing,2021-12-04T17:35:48Z,7.0,22.0
1459,Maisey Hobgen,2021-03-18T17:03:53Z,9.0,88.0
1460,Melva Hofer,2021-02-24T04:11:44Z,10.0,75.0
1461,Alfi Holberry,2021-10-31T02:58:11Z,8.0,54.0
1462,Correna Horsfield,2021-03-02T12:02:36Z,2.0,47.0
1463,Shell Houdhury,2022-01-04T17:20:18Z,,50.0
1464,Fanchette Hounsom,2021-08-26T12:16:02Z,8.0,81.0
1465,Hamnet Hubane,2022-01-24T07:09:01Z,7.0,78.0
1466,Chandler Huby,2021-10-09T22:10:46Z,5.0,74.0
1467,Sully Huc,,8.0,148.0
1468,Leela Hurd,2021-05-25T08:41:00Z,6.0,92.0
1469,Shelby Hurlin,2022-01-14T23:53:12Z,5.0,79.0
1470,Lianne Huxton,2021-02-08T00:15:19Z,5.0,74.0
1471,Ethelda Iacomi,2021-02-07T23:47:52Z,1.0,49.0
1472,Payton Iacopini,2021-11-05T03:06:42Z,6.0,53.0
1473,Berk Iacovelli,2021-04-22T07:55:22Z,3.0,24.0
1474,Calhoun Iacovolo,2021-03-06T03:02:20Z,7.0,
1475,Lebbie Ibanez,2021-10-25T18:25:28Z,10.0,37.0
1476,Friedrich Ilyas,2021-04-18T12:50:40Z,6.0,94.0
1477,Loella Ilyinykh,2021-02-08T09:30:15Z,6.0,147.0
1478,Tersina Inchbald,2021-11-03T20:59:18Z,10.0,47.0
1479,Doria Ingleson,2021-06-15T16:20:40Z,8.0,83.0
1480,Brena Ingrem,2021-05-29T11:44:01Z,7.0,59.0
1481,Eileen Ireland,2021-08-05T14:24:07Z,3.0,98.0
1482,Emmalynn Issatt,2021-12-08T16:54:02Z,4.0,75.0
1483,Paco Ivain,,5.0,41.0
1484,Arlene Jack,2021-12-19T14:53:27Z,5.0,42.0
1485,Hill Jagoe,2022-02-14T23:50:27Z,6.0,85.0
1486,Joanie Jahner,2021-05-02T09:50:24Z,7.0,139.0
1487,Fanechka Jakubczyk,2021-02-13T07:59:01Z,3.0,57.0
1488,Samantha James,2021-09-11T11:12:45Z,7.0,48.0
1489,Arabelle Jamson,2021-06-19T02:27:07Z,2.0,25.0
1490,Mathew Janczak,2021-05-02T20:01:12Z,4.0,63.0
1491,Liane Janicek,2021-08-17T22:56:06Z,6.0,108.0
1492,Lesya Janjusevic,2021-05-15T15:39:19Z,4.0,102.0
1493,,2021-03-20T10:48:47Z,10.0,153.0
1494,Fredericka Jarmain,2021-08-25T04:03:09Z,5.0,58.0
1495,Seth Jeffree,2021-03-31T19:15:51Z,6.0,29.0
1496,Carissa Jeffrey,2021-03-01T20:13:38Z,5.0,101.0
1497,Teddi Jeffrey,2021-10-11T14:30:13Z,11.0,81.0
1498,Teriann Jell,2022-01-10T08:28:43Z,4.0,61.0
1499,Holly Jellard,2021-09-29T00:53:42Z,6.0,118.0
1500,Audrye Jendrys,2021-04-08T02:27:08Z,4.0,57.0
1501,Adaline Jephcote,2021-09-16T03:17:23Z,4.0,5.0
1502,Myrtle Johanning,2021-04-20T03:33:22Z,8.0,50.0
1503,Anjanette Johansson,2021-10-28T11:48:58Z,6.0,85.0
1504,Avrit Jopling,2021-07-10T20:34:54Z,9.0,33.0
1505,Andi Josey,2021-04-20T22:42:20Z,6.0,51.0
1506,Joye Josse,2021-10-02T07:13:19Z,4.0,45.0
1507,Nonie Josuweit,2021-11-18T06:31:35Z,6.0,46.0
1508,Tommy Jouannisson,2021-04-26T12:30:00Z,11.0,92.0
1509,Tiphanie Joyce,2022-01-19T21:11:05Z,6.0,69.0
1510,Zelda Juara,2021-03-07T20:24:50Z,4.0,54.0
1511,Cecilia Julien,2021-07-31T06:10:51Z,3.0,49.0
1512,Malia Juszczak,2021-08-26T07:18:58Z,7.0,51.0
1513,Garald Kaes,2022-02-18T16:34:19Z,4.0,57.0
1514,Francis Kamenar,2021-10-19T09:21:42Z,8.0,25.0
1515,Stephenie Karolowski,2021-12-04T04:16:48Z,3.0,111.0
1516,Kerry Keatley,2021-10-08T02:32:38Z,8.0,137.0
1517,Falito Keepe,2021-06-10T21:42:06Z,2.0,78.0
1518,Cassandra Kellegher,2021-02-20T22:20:53Z,10.0,80.0
1519,Perkin Kelson,2021-04-29T05:20:41Z,2.0,62.0
1520,Kial Kemer,2021-12-22T01:59:59Z,8.0,79.0
1521,Paulita Kemet,2021-11-26T12:59:46Z,9.0,70.0
1522,Gina Kenan,2021-10-28T19:05:53Z,8.0,86.0
1523,Darelle Kenaway,2021-05-08T10:51:07Z,7.0,
1524,Jacenta Kender,2021-08-07T04:31:22Z,8.0,62.0
1525,Maiga Kenningley,2021-03-03T10:46:50Z,8.0,96.0
1526,Vivie Kensitt,2021-12-01T17:32:31Z,9.0,58.0
1527,Maxy Kerner,2021-02-23T14:16:05Z,7.0,61.0
1528,Doyle Kettlestringes,2021-03-20T08:53:56Z,11.0,17.0
1529,Deena Kew,2021-10-06T06:06:47Z,5.0,68.0
1530,Jacques Keynd,2022-01-17T03:31:09Z,6.0,41.0
1531,Daune Kid,2022-02-10T12:32:39Z,7.0,92.0
1532,Alfreda Kiddye,2021-07-20T16:08:08Z,1.0,56.0
1533,Tiertza Killingworth,2022-02-04T20:16:06Z,3.0,86.0
1534,Rex Kinghorne,2021-10-06T12:49:28Z,4.0,117.0
1535,Jorry Kinig,2021-07-07T12:56:22Z,3.0,96.0
1536,Mellicent Kinnard,2021-08-16T06:41:51Z,2.0,50.0
1537,Marya Kirman,2022-01-16T21:23:39Z,8.0,126.0
1538,Rafferty Kleinhaus,2021-09-27T21:27:53Z,2.0,108.0
1539,Grace Klimaszewski,2021-04-25T00:25:51Z,8.0,83.0
1540,Chrysler Kobera,2021-03-25T08:08:41Z,5.0,68.0
1541,Jennie Kopje,2022-01-18T17:10:17Z,5.0,46.0
1542,Dewie Koppel,2022-02-08T04:57:10Z,7.0,36.0
1543,Melodie Kordt,2021-07-11T16:41:31Z,3.0,133.0
1544,Curr Kropp,2021-04-25T22:43:01Z,9.0,139.0
1545,Allan Kruger,2022-01-24T08:26:50Z,5.0,52.0
1546,Zack Kubacek,2021-10-03T02:40:41Z,8.0,42.0
1547,Kirsteni Kubicki,2021-09-03T16:49:39Z,6.0,79.0
1548,Pegeen Lafrentz,2021-06-18T15:20:18Z,6.0,43.0
1549,Antonina Lakeland,2021-08-24T04:50:51Z,3.0,21.0
1550,Ellene Lamperd,2021-04-24T10:10:48Z,3.0,31.0
1551,Lind Landrick,2021-04-05T22:11:47Z,7.0,85.0
1552,Quintus Lawden,2021-04-25T22:30:37Z,5.0,131.0
1553,Bobette Lawlan,2022-02-02T23:14:26Z,9.0,68.0
1554,Eziechiele Lawton,2021-03-04T11:31:49Z,6.0,15.0
1555,Annabella Le Floch,2022-01-07T05:21:00Z,3.0,79.0
1556,Giff Leaning,2021-08-29T06:02:42Z,7.0,9.0
1557,Kamila Leate,2021-05-04T10:13:08Z,8.0,34.0
1558,Avivah Leber,2021-07-21T15:53:26Z,6.0,68.0
1559,Woodman Leeds,2022-01-05T10:20:17Z,12.0,61.0
1560,Zena Lees,2021-11-06T07:15:24Z,2.0,50.0
1561,Saxon Lehmann,2021-10-28T18:29:31Z,3.0,
1562,Letisha Leicester,2021-08-31T16:37:15Z,6.0,64.0
1563,Sharona Leipelt,2021-08-25T02:46:44Z,7.0,152.0
1564,Pietro Lemmertz,2021-05-01T17:41:48Z,11.0,30.0
1565,Karen Leversha,2021-07-27T20:45:40Z,5.0,60.0
1566,Ingrim Libreros,2021-12-08T11:57:56Z,9.0,57.0
1567,Annabelle Liddel,2021-11-29T20:23:23Z,8.0,46.0
1568,Jody Liffey,2021-04-14T13:41:44Z,3.0,47.0
1569,Newton Liggins,2021-08-12T07:28:19Z,6.0,45.0
1570,Cati Limpenny,2021-02-05T10:51:00Z,2.0,72.0
1571,Saraann Lindenberg,2021-11-28T02:28:40Z,10.0,73.0
1572,Bethena Lindenstrauss,2021-04-23T09:48:13Z,9.0,65.0
1573,Hynda Lippiello,2021-08-29T01:59:39Z,6.0,74.0
1574,Laura Liversedge,2021-10-04T16:28:21Z,8.0,19.0
1575,Edgard Lopez,2021-05-29T10:26:15Z,6.0,15.0
1576,Noak Lording,2021-11-18T00:52:33Z,7.0,84.0
1577,Kenneth Lorey,2022-01-05T10:19:42Z,10.0,63.0
1578,Garfield Loton,2022-01-14T05:54:04Z,7.0,49.0
1579,Deane Lovemore,2021-03-31T04:27:17Z,7.0,38.0
1580,Eugenio Low,2021-04-05T19:25:24Z,8.0,71.0
1581,Gris Loxton,2022-01-07T06:42:22Z,10.0,73.0
1582,Adams Luisetti,2021-08-10T11:06:19Z,3.0,109.0
1583,Chrotoem Lunam,2021-11-04T09:51:55Z,8.0,55.0
1584,Renado Lyne,2021-04-23T15:58:47Z,7.0,50.0
1585,Sonja MacAllen,2021-07-01T04:36:39Z,12.0,52.0
1586,Roanne MacColl,2021-07-25T01:23:13Z,2.0,12.0
1587,Deina MacFaell,2021-06-30T11:28:53Z,5.0,40.0
1588,Gabriell MacGebenay,2021-10-18T12:14:36Z,12.0,77.0
1589,Emmeline MacGrath,2021-12-12T04:57:39Z,11.0,
1590,Niven Mackrell,2021-05-17T07:18:48Z,,85.0
1591,Antonia MacLice,2021-12-27T01:34:52Z,2.0,59.0
1592,Anni MacMakin,2021-04-20T12:17:27Z,9.0,71.0
1593,Ruthi MacTavish,2021-09-11T16:28:28Z,5.0,28.0
1594,Vinny Magovern,2021-03-18T22:07:38Z,9.0,93.0
1595,Charita Magrane,2021-10-12T22:01:00Z,5.0,20.0
1596,Noble Magson,2021-06-04T01:46:24Z,4.0,127.0
1597,Rahal Malitrott,2021-03-17T11:36:22Z,9.0,32.0
1598,Hope Malkinson,2021-03-10T23:26:15Z,4.0,25.0
1599,Chrystal Maloney,2021-12-12T14:46:11Z,6.0,49.0
1600,Niels Malt,2021-05-03T08:55:24Z,5.0,93.0
1601,Vincents Marciek,2021-09-08T17:09:48Z,6.0,83.0
1602,Gamaliel Markie,2021-08-29T14:31:30Z,9.0,124.0
1603,Zulema Markus,2021-07-29T04:57:18Z,8.0,37.0
1604,Trace Marshal,2021-11-19T08:02:23Z,4.0,39.0
1605,Matteo Martensen,2021-07-12T23:31:13Z,5.0,114.0
1606,Mitzi Martinetto,2021-08-21T09:29:56Z,8.0,49.0
1607,Inglis Masding,2021-08-25T10:07:55Z,3.0,93.0
1608,Rita Massimo,2021-06-19T12:52:29Z,4.0,72.0
1609,Doyle Matei,2021-10-09T23:59:20Z,10.0,97.0
1610,Andreas Mathis,2021-12-01T00:02:41Z,5.0,38.0
1611,Hill Matterdace,2021-08-25T22:24:12Z,7.0,22.0
1612,Jazmin Mattiato,2021-08-07T05:23:59Z,4.0,52.0
1613,Sigrid Matysik,2022-02-15T21:20:01Z,,143.0
1614,Shawn Maun,2021-12-13T17:34:03Z,3.0,78.0
1615,Jillana Mayze,2021-06-12T05:50:40Z,6.0,82.0
1616,Emlen McAless,2021-09-02T02:03:36Z,4.0,45.0
1617,Valenka McCaghan,2021-12-26T16:39:06Z,3.0,47.0
1618,Hasheem McCahill,2021-10-13T13:06:05Z,10.0,75.0
1619,Karlene McCallister,2021-07-04T21:23:44Z,5.0,60.0
1620,Cilka McCory,2021-08-15T02:44:41Z,10.0,96.0
1621,Sheri McCoveney,2021-05-08T05:22:33Z,3.0,121.0
1622,Dodie McCrae,2021-03-14T09:53:53Z,3.0,72.0
1623,Hubert McCraw,2022-01-04T17:42:48Z,6.0,33.0
1624,Stearne McCudden,2021-11-10T05:00:20Z,2.0,41.0
1625,Toddy McFee,2021-04-28T00:16:29Z,2.0,68.0
1626,Maribeth McGiffie,2021-04-06T18:16:06Z,1.0,150.0
1627,Deanne McHarry,2021-11-19T09:36:41Z,3.0,106.0
1628,Adan McMurray,2021-12-19T13:16:46Z,9.0,81.0
1629,Goldia McNirlan,2021-11-07T06:24:02Z,10.0,88.0
1630,Adler McPhillips,2021-07-18T04:20:02Z,9.0,71.0
1631,Yettie McRobert,2021-11-12T14:12:30Z,10.0,98.0
1632,Loree Mendez,2022-02-16T08:39:30Z,5.0,35.0
1633,Charline Meran,2021-09-19T15:49:14Z,5.0,80.0
1634,Duff Mertel,2021-12-10T01:40:03Z,5.0,149.0
1635,Winne Mewton,2021-06-03T02:26:49Z,9.0,47.0
1636,Adair Middle,2021-12-18T18:21:44Z,5.0,102.0
1637,Serena Milburne,2021-06-08T19:19:29Z,2.0,117.0
1638,Revkah Miles,2021-04-11T08:45:42Z,5.0,103.0
1639,Candis Millam,2021-02-04T08:09:56Z,4.0,49.0
1640,Auguste Minards,2021-04-09T17:40:07Z,7.0,59.0
1641,Muffin Monahan,2021-08-26T17:59:42Z,5.0,133.0
1642,Ronda Montel,2022-02-18T11:53:32Z,6.0,15.0
1643,Andi Morcomb,2021-10-30T16:13:54Z,6.0,96.0
1644,Bjorn Morican,2021-07-26T23:50:08Z,6.0,81.0
1645,Hedvige Morter,2021-02-05T01:19:11Z,5.0,100.0
1646,Shelagh Mossman,2021-09-27T15:35:59Z,5.0,31.0
1647,Flori Mowatt,2022-01-27T19:23:12Z,9.0,140.0
1648,August Mower,2021-05-08T12:36:31Z,4.0,29.0
1649,Karina Mowett,2021-05-12T13:10:15Z,9.0,108.0
1650,Callida Mulcock,2021-09-08T15:11:04Z,6.0,50.0
1651,Shirlee Muldrew,2021-09-27T11:14:02Z,1.0,36.0
1652,Corabel Muncie,2021-11-17T14:28:16Z,7.0,92.0
1653,Catlee Mundie,2021-10-08T22:28:59Z,11.0,34.0
1654,Gloria Muzzini,2021-06-19T03:05:48Z,9.0,67.0
1655,Juliette Myrick,2021-11-29T13:22:57Z,8.0,94.0
1656,Fayina Nalder,2021-07-15T22:42:57Z,3.0,35.0
1657,Gawen Narraway,2021-10-06T13:28:02Z,2.0,18.0
1658,Valeria Nasi,2021-07-30T11:00:26Z,12.0,55.0
1659,Tailor Natte,2021-12-29T00:43:35Z,8.0,92.0
1660,Beaufort Navarre,2021-09-01T01:18:37Z,2.0,78.0
1661,Winnie Nayer,2021-02-16T19:23:07Z,8.0,108.0
1662,Ingunna Neads,2022-02-04T17:23:50Z,3.0,54.0
1663,Catha Neeson,2021-11-04T12:54:19Z,3.0,76.0
1664,Meara Neggrini,2021-08-10T11:12:53Z,7.0,65.0
1665,Noah Neno,2021-08-31T16:10:47Z,4.0,68.0
1666,Rad Nickols,2021-04-06T02:41:00Z,6.0,40.0
1667,Jinny Nissle,2021-10-08T18:12:40Z,10.0,158.0
1668,Larry Nobes,2021-09-16T01:10:45Z,6.0,174.0
1669,Shannan Nolleau,2021-02-23T18:13:10Z,8.0,57.0
1670,Cordelia Nolton,2021-12-27T06:46:11Z,10.0,73.0
1671,Ernaline Norcutt,2021-12-09T07:06:19Z,5.0,148.0
1672,Windham Northcote,2021-05-09T01:14:51Z,5.0,55.0
1673,Cosette Norwich,2022-01-15T02:19:34Z,5.0,45.0
1674,Marita Norwood,2021-06-20T17:40:30Z,7.0,84.0
1675,Roxanna Novis,2021-10-13T12:19:36Z,2.0,175.0
1676,My Nucciotti,2021-12-30T10:24:40Z,11.0,48.0
1677,Karel Nutty,2021-04-21T07:40:11Z,8.0,48.0
1678,Rhonda O'Boyle,2021-12-16T01:57:07Z,5.0,82.0
1679,Aguste O'Cridigan,2021-05-24T20:06:57Z,5.0,122.0
1680,Werner O'Farrell,2021-04-24T12:53:43Z,5.0,90.0
1681,Janek O'Garmen,2021-08-07T11:01:52Z,8.0,62.0
1682,Noemi O'Hingerty,2022-01-28T13:25:09Z,11.0,57.0
1683,Fidel O'Keefe,2021-08-28T21:27:34Z,6.0,49.0
1684,D'arcy O'Kinneally,2021-07-01T14:02:42Z,7.0,3.0
1685,Bruno O'Leahy,2022-01-16T19:23:39Z,7.0,19.0
1686,Bessy Oakeby,,4.0,53.0
1687,Evaleen Obin,2021-12-08T10:40:18Z,12.0,96.0
1688,,2022-01-20T19:51:12Z,11.0,100.0
1689,Jacquelin Ofen,2021-04-05T13:47:36Z,10.0,42.0
1690,Sarene Ogdahl,2021-10-29T15:50:09Z,8.0,105.0
1691,Benedetto Olczyk,2021-12-12T15:14:57Z,8.0,48.0
1692,Algernon Oldall,2021-04-20T16:57:46Z,7.0,86.0
1693,Rebeca Oldred,2022-02-05T05:38:16Z,6.0,73.0
1694,Fergus Oleszcuk,2021-05-21T01:38:27Z,7.0,62.0
1695,Gillan Ollivierre,2021-04-19T06:09:16Z,4.0,104.0
1696,Evered Oluwatoyin,2021-05-09T13:06:04Z,4.0,56.0
1697,Sumner Omand,2021-03-17T01:09:33Z,7.0,53.0
1698,Daloris Oneal,2021-05-12T16:08:02Z,3.0,57.0
1699,Nettle Opdenorth,2021-06-17T21:44:49Z,10.0,16.0
1700,Amos Orbell,2021-08-16T10:13:06Z,8.0,38.0
1701,Clarie Ordemann,2021-08-31T16:56:37Z,6.0,25.0
1702,Ettore Orgel,2021-05-21T01:13:45Z,7.0,113.0
1703,Ahmed Orrum,2022-01-01T01:11:48Z,7.0,55.0
1704,Linell Ort,2022-02-03T14:58:21Z,5.0,66.0
1705,Bonita Ortiga,2021-10-09T06:43:41Z,8.0,100.0
1706,Valentina Oslar,2021-11-06T18:12:29Z,4.0,118.0
1707,Berty Osmar,2021-07-17T11:39:45Z,5.0,21.0
1708,Charles Ostridge,2021-08-04T20:40:38Z,5.0,73.0
1709,Nev Ough,2021-02-22T15:37:40Z,3.0,78.0
1710,Augusto Oulett,2021-07-28T04:08:09Z,3.0,83.0
1711,Andra Owbrick,2021-07-14T11:32:38Z,8.0,67.0
1712,Cathrin Paffitt,2021-05-20T07:20:04Z,10.0,154.0
1713,Isa Pagelsen,2021-07-23T15:23:37Z,5.0,51.0
1714,Mala Pales,2021-05-04T04:52:48Z,,70.0
1715,Isobel Pallaske,2021-12-21T03:04:31Z,7.0,85.0
1716,Evered Palmer,2021-07-04T11:45:42Z,7.0,72.0
1717,Marcelo Parramore,2021-04-03T22:41:04Z,8.0,62.0
1718,Berty Parren,2021-10-25T16:46:28Z,8.0,78.0
1719,Delmer Pash,2021-09-15T05:06:53Z,3.0,70.0
1720,Shaine Pauel,2021-03-10T08:59:47Z,3.0,137.0
1721,Marge Paulisch,2021-07-17T20:48:43Z,1.0,109.0
1722,Cherilynn Paull,2021-10-21T09:58:04Z,3.0,82.0
1723,Alexandrina Pavlenko,2022-01-27T17:35:44Z,2.0,74.0
1724,Bliss Pedrozzi,2021-07-19T01:26:16Z,10.0,80.0
1725,Tomas Peele,2021-08-14T00:19:33Z,7.0,106.0
1726,Leigh Penhallurick,2021-07-24T16:19:53Z,4.0,149.0
1727,Raynor Peniello,2021-10-12T13:21:06Z,7.0,68.0
1728,Kelwin Pennings,2021-07-29T22:03:28Z,2.0,46.0
1729,Milty Pennings,2021-06-09T11:44:08Z,4.0,88.0
1730,Rodolphe Peschka,2021-06-18T08:04:32Z,4.0,9.0
1731,Maynord Pester,2022-01-19T13:42:28Z,4.0,175.0
1732,Cyrille Pettipher,2022-02-11T05:14:27Z,9.0,65.0
1733,Parsifal Pevreal,2021-02-19T11:37:58Z,5.0,148.0
1734,Rock Pezey,2021-12-30T11:42:43Z,2.0,61.0
1735,Chrissie Philbin,2021-06-30T17:27:15Z,10.0,64.0
1736,Chalmers Phillipp,2021-05-29T22:18:33Z,2.0,62.0
1737,Kissiah Phizakarley,2021-05-19T05:03:28Z,6.0,19.0
1738,Ettore Piccard,2021-11-30T14:24:17Z,1.0,54.0
1739,Rafael Pickering,2021-02-02T16:34:47Z,7.0,58.0
1740,Jonie Pieterick,2021-09-21T20:10:08Z,5.0,91.0
1741,Malachi Pietroni,2022-01-13T08:58:21Z,11.0,57.0
1742,Wadsworth Pigeon,2021-09-09T07:15:17Z,9.0,113.0
1743,Georg Pigney,2021-10-31T16:51:12Z,4.0,25.0
1744,Jilli Pilcher,2022-02-10T11:47:45Z,8.0,51.0
1745,Mickie Piletic,2021-05-06T21:16:22Z,5.0,69.0
1746,Lorette Pinson,2021-08-02T16:46:36Z,6.0,69.0
1747,Lettie Pires,2021-03-15T12:22:30Z,7.0,67.0
1748,Indira Pirozzi,2021-10-28T03:07:10Z,1.0,131.0
1749,Roseanne Pitkeathley,2022-02-14T00:13:48Z,12.0,103.0
1750,Alidia Playden,2021-12-23T12:38:00Z,11.0,11.0
1751,Zarah Plott,2022-01-30T04:03:58Z,6.0,37.0
1752,Dennet Plumridge,2021-10-08T03:28:08Z,11.0,49.0
1753,Victoria Pontain,2021-02-07T16:29:45Z,2.0,23.0
1754,Aldis Pottes,2021-09-07T22:00:56Z,2.0,96.0
1755,Cass Poynser,2021-05-25T17:39:37Z,2.0,69.0
1756,Rickie Prati,2021-09-10T02:16:45Z,6.0,95.0
1757,Patrizio Presswell,2021-07-08T20:56:14Z,4.0,91.0
1758,Dyanne Prestney,2021-06-11T00:56:42Z,4.0,65.0
1759,Stern Prichard,2021-05-14T13:25:51Z,6.0,120.0
1760,Giuditta Prince,2021-07-20T03:00:34Z,9.0,96.0
1761,Adi Priscott,2021-05-23T19:21:04Z,11.0,130.0
1762,Frank Prop,2021-09-26T15:46:49Z,7.0,59.0
1763,Rozella Purvess,2021-07-27T21:55:10Z,7.0,79.0
1764,Nancee Pybus,2021-07-29T04:51:22Z,3.0,119.0
1765,Rosemary Pyson,2021-02-23T04:36:02Z,4.0,79.0
1766,Constantina Queste,2021-05-31T05:31:53Z,8.0,82.0
1767,Heinrik Rae,2022-01-01T04:57:08Z,4.0,76.0
1768,Moises Rainy,2021-07-02T05:17:36Z,10.0,76.0
1769,Alena Raison,2021-02-08T01:15:16Z,4.0,22.0
1770,Ally Rakes,2021-09-11T02:00:56Z,12.0,73.0
1771,Theo Ralston,2021-06-14T11:21:57Z,2.0,34.0
1772,Loralyn Ramsden,2021-02-20T18:13:06Z,12.0,73.0
1773,Eloisa Rannald,2021-11-16T02:34:50Z,5.0,112.0
1774,Agata Raspison,2022-01-16T17:56:33Z,8.0,129.0
1775,Clarice Ravenscroftt,2021-07-10T10:31:57Z,3.0,27.0
1776,Cele Rayne,2022-01-22T02:19:51Z,4.0,61.0
1777,Milo Reach,2021-05-15T07:32:38Z,6.0,66.0
1778,Ross Reardon,2021-11-29T15:13:22Z,5.0,30.0
1779,Darwin Reaveley,2021-03-07T15:25:52Z,10.0,22.0
1780,Annabelle Reilly,,6.0,46.0
1781,Junina Rembaud,2022-02-17T00:01:13Z,6.0,22.0
1782,Risa Revance,2022-01-01T21:41:23Z,8.0,91.0
1783,Herve Ribeiro,2021-05-13T14:01:00Z,8.0,90.0
1784,Selby Ribeiro,2021-12-23T02:20:02Z,6.0,89.0
1785,Torey Richardin,2021-05-31T15:18:58Z,1.0,59.0
1786,Virgie Rickert,2021-11-16T18:03:24Z,5.0,72.0
1787,Flossi Rillett,2021-02-03T03:35:09Z,6.0,139.0
1788,Christie Rilston,2021-06-24T20:52:53Z,8.0,154.0
1789,Jennine Rilton,2021-04-22T20:43:42Z,6.0,25.0
1790,Emmie Rippingale,2022-02-18T18:02:41Z,3.0,119.0
1791,Theda Rittelmeyer,2021-08-25T20:47:09Z,6.0,59.0
1792,Hetty Robilliard,2022-01-21T11:08:04Z,2.0,34.0
1793,Shanna Robion,2021-05-31T09:02:52Z,9.0,73.0
1794,Loise Romei,2021-05-10T05:56:39Z,3.0,115.0
1795,Bonny Ropking,2021-06-20T14:36:13Z,8.0,65.0
1796,Roxane Roswarn,2021-03-31T02:28:56Z,8.0,129.0
1797,Rudie Rouchy,2021-10-01T06:16:46Z,4.0,73.0
1798,Bridie Rowan,2021-07-24T13:15:28Z,3.0,36.0
1799,,2021-03-10T07:35:09Z,8.0,111.0
1800,Karylin Rubinivitz,2021-08-12T18:49:22Z,6.0,66.0
1801,Ursala Rubinsohn,2021-08-09T12:04:53Z,7.0,81.0
1802,Kelley Rudolfer,2021-05-17T22:42:27Z,9.0,86.0
1803,Vivyanne Ruit,2021-10-05T13:00:27Z,10.0,60.0
1804,Gracia Ruit,2021-09-18T23:55:01Z,4.0,64.0
1805,Rudie Rusted,2022-01-12T11:59:08Z,4.0,65.0
1806,Barth Rutter,2021-05-10T22:10:37Z,7.0,38.0
1807,Emmet Rycroft,2021-07-02T23:16:42Z,8.0,155.0
1808,Electra Sabbins,2021-11-08T10:37:37Z,7.0,46.0
1809,Krishnah Sacher,2022-02-13T04:03:01Z,2.0,76.0
1810,Lia Saenz,2022-02-01T01:51:26Z,9.0,38.0
1811,Georgeanna Saggs,2021-09-21T16:23:23Z,3.0,82.0
1812,Izzy Saintpierre,2021-12-05T06:48:48Z,3.0,123.0
1813,Betty Sambiedge,2021-03-04T17:54:57Z,8.0,132.0
1814,Theodore Sammut,,6.0,86.0
1815,Lucian Samter,2022-01-29T01:13:55Z,7.0,106.0
1816,Caralie Sapseed,2021-08-25T16:20:38Z,8.0,116.0
1817,Virge Sarver,2022-01-21T12:23:15Z,3.0,93.0
1818,Yancy Savaage,2021-03-08T16:17:01Z,4.0,55.0
1819,Winnah Savage,2022-01-11T22:50:26Z,6.0,60.0
1820,Myrna Sawden,2021-04-20T21:32:34Z,6.0,105.0
1821,Lindsay Sayre,2021-08-10T08:04:48Z,2.0,35.0
1822,Ericha Schapero,2021-07-12T05:53:34Z,5.0,61.0
1823,Barr Schindler,2021-11-23T12:25:15Z,5.0,77.0
1824,Kaitlynn Schleswig-Holstein,2021-04-18T15:11:19Z,5.0,107.0
1825,Daisi Schwartz,2021-06-18T01:07:26Z,6.0,82.0
1826,Holly Scoffins,2021-05-05T21:10:33Z,10.0,32.0
1827,Opalina Scopyn,2021-12-24T00:11:19Z,10.0,68.0
1828,Rickey Scotsbrook,2021-06-01T01:35:52Z,1.0,125.0
1829,Cory Scragg,2021-11-15T09:24:55Z,3.0,113.0
1830,Charla Scroxton,2021-11-23T17:02:47Z,5.0,143.0
1831,Christabella Searby,2021-10-22T16:30:46Z,2.0,21.0
1832,Letta Search,2021-10-29T02:35:02Z,9.0,40.0
1833,Essa Seddon,2022-02-12T16:37:52Z,5.0,57.0
1834,Kurtis Semarke,2021-08-26T07:52:05Z,7.0,154.0
1835,Coleman Semble,2021-09-15T03:08:03Z,4.0,52.0
1836,Jorgan Semechik,2022-02-17T20:01:00Z,8.0,100.0
1837,Wilton Serridge,2021-08-05T03:41:35Z,9.0,22.0
1838,Sheeree Seston,2022-01-23T19:30:31Z,5.0,12.0
1839,Camille Seymour,2022-02-02T23:11:47Z,6.0,9.0
1840,Haily Shackelton,2021-06-02T23:40:43Z,6.0,65.0
1841,Burlie Shakespeare,2021-12-16T15:07:37Z,7.0,55.0
1842,Lelah Shaughnessy,2021-09-14T01:55:50Z,6.0,52.0
1843,Julio Sheavills,2021-12-26T12:06:57Z,6.0,156.0
1844,Agnesse Sheber,2021-04-15T14:17:58Z,5.0,18.0
1845,Knox Sherbrooke,2021-07-07T13:25:43Z,10.0,133.0
1846,Rouvin Sherrett,2021-05-07T18:31:10Z,11.0,32.0
1847,Myrtia Shervington,2021-12-01T22:21:26Z,3.0,150.0
1848,Randolph Shorbrook,2021-10-09T10:12:36Z,7.0,52.0
1849,Melina Shotter,2021-05-13T12:00:46Z,11.0,34.0
1850,Chryste Sibylla,2021-05-28T06:27:59Z,7.0,172.0
1851,Karna Sigward,2021-07-02T22:00:33Z,3.0,146.0
1852,Titus Sikorski,2021-04-19T05:42:07Z,10.0,102.0
1853,Meryl Sillick,2021-05-25T23:05:12Z,2.0,145.0
1854,Normie Simcock,2021-12-24T00:47:20Z,5.0,65.0
1855,Hanna Simek,2021-11-14T17:36:26Z,5.0,53.0
1856,Quinta Simonds,2021-05-06T08:05:22Z,2.0,71.0
1857,Joyann Simonnin,2022-02-02T00:53:43Z,12.0,110.0
1858,,2021-06-28T03:01:01Z,6.0,144.0
1859,Saree Skaif,2021-08-26T09:56:13Z,11.0,80.0
1860,Marin Slipper,2022-02-08T10:39:02Z,4.0,
1861,Ferdinanda Slocomb,2021-09-08T19:08:49Z,5.0,70.0
1862,Yoko Sloegrave,2021-06-05T01:00:09Z,1.0,87.0
1863,Rafferty Smalls,2021-05-16T04:14:22Z,4.0,104.0
1864,Alane Smither,2021-12-30T17:18:24Z,6.0,115.0
1865,Sebastian Smithin,2021-04-24T16:53:18Z,8.0,55.0
1866,Nessie Snepp,2021-06-30T07:29:57Z,6.0,47.0
1867,Betsey Sockell,2021-03-23T13:05:34Z,10.0,71.0
1868,Josefina Sofe,2021-06-24T16:10:06Z,10.0,49.0
1869,Cesaro Solomon,,6.0,66.0
1870,Baldwin Sommerlin,2021-12-26T08:05:10Z,3.0,81.0
1871,Toiboid Southon,2021-10-09T12:07:38Z,4.0,43.0
1872,Hedwig Sowrah,2021-02-25T06:29:29Z,3.0,78.0
1873,Aldous Spadelli,2021-11-11T15:57:19Z,10.0,151.0
1874,Lorettalorna Spellessy,2021-12-21T05:42:31Z,2.0,51.0
1875,Florencia Spence,2021-04-28T22:46:05Z,4.0,154.0
1876,Ignacio Spence,2021-04-02T03:56:39Z,1.0,136.0
1877,Tadio Spere,2021-06-05T14:51:06Z,5.0,92.0
1878,Billie Spikeings,2022-02-08T03:31:23Z,7.0,24.0
1879,Waylin Sponer,2021-07-19T10:35:56Z,10.0,157.0
1880,Lotti Spyer,2021-08-26T03:04:00Z,7.0,159.0
1881,Frederich Sreenan,2022-02-05T17:16:15Z,5.0,92.0
1882,Carleen Stafford,2021-05-04T05:57:27Z,12.0,119.0
1883,Batholomew Stammirs,2021-07-27T20:19:52Z,5.0,109.0
1884,Joey Stebbing,2021-11-30T04:47:29Z,10.0,64.0
1885,Lorne Stennes,2022-01-02T07:46:09Z,8.0,105.0
1886,Judy Sterzaker,2021-08-19T06:57:40Z,4.0,100.0
1887,Trudey Stickells,2021-03-26T18:34:03Z,4.0,58.0
1888,Willetta Stirtle,2021-07-26T05:22:04Z,5.0,141.0
1889,Sibylla Stittle,2021-10-10T03:10:42Z,4.0,53.0
1890,Carlina Stivani,2022-02-02T07:34:10Z,11.0,85.0
1891,Brandy Stoad,2021-06-03T22:18:40Z,8.0,129.0
1892,Thedrick Stock,2021-11-10T00:17:04Z,10.0,44.0
1893,Nertie Stoddard,2021-08-20T05:36:10Z,5.0,53.0
1894,Catina Stops,2021-12-05T15:55:10Z,6.0,91.0
1895,Adela Storms,2021-05-08T05:41:35Z,4.0,60.0
1896,Mata Streatfeild,2021-03-08T05:52:27Z,7.0,72.0
1897,Pasquale Stroton,2021-11-21T04:49:33Z,12.0,121.0
1898,Amye Stroulger,2021-02-19T17:55:13Z,7.0,57.0
1899,Helen-elizabeth Suckling,2021-09-19T23:55:34Z,9.0,133.0
1900,Darb Summersett,2021-07-02T15:03:10Z,3.0,36.0
1901,Hyacinthie Sushams,2021-06-02T04:54:47Z,10.0,73.0
1902,Diandra Swainsbury,2021-06-07T19:10:49Z,7.0,37.0
1903,Carolyn Sweed,2022-01-30T20:01:50Z,5.0,147.0
1904,Roi Swigger,2021-03-20T03:39:18Z,9.0,56.0
1905,Lib Swinden,2021-11-04T12:40:34Z,8.0,34.0
1906,Currie Syder,2022-01-14T06:07:24Z,2.0,58.0
1907,Maurizio Symons,2021-03-22T23:25:55Z,2.0,37.0
1908,Roxy Syne,2021-12-06T20:53:55Z,7.0,58.0
1909,Zebedee Szymanzyk,2021-12-30T20:25:03Z,10.0,59.0
1910,Bar Taggert,2021-12-03T14:58:09Z,10.0,75.0
1911,Darill Tant,2022-02-18T23:51:51Z,9.0,124.0
1912,Ottilie Tapply,2021-04-19T02:35:41Z,6.0,157.0
1913,Moll Tasch,2021-08-16T22:46:13Z,12.0,86.0
1914,Freeman Telezhkin,2021-02-04T09:53:52Z,4.0,105.0
1915,Hyatt Tellenbrok,2022-01-11T13:51:35Z,6.0,151.0
1916,Nanon Temblett,2021-10-06T18:49:57Z,6.0,45.0
1917,Gaby Terne,2021-11-27T18:01:33Z,8.0,56.0
1918,Brooke Thornbarrow,2021-03-18T23:30:58Z,2.0,121.0
1919,Bobbie Threadgould,2022-01-09T21:33:32Z,11.0,118.0
1920,Herculie Thrush,2022-02-03T13:41:48Z,6.0,86.0
1921,Dion Tilburn,2021-09-14T08:25:13Z,11.0,28.0
1922,Vincents Tillot,2021-05-24T16:01:27Z,1.0,85.0
1923,Gill Tomasek,2021-04-21T02:49:22Z,4.0,52.0
1924,Brunhilde Toogood,2021-11-05T12:57:16Z,3.0,57.0
1925,Cary Tothe,,3.0,104.0
1926,Kath Tott,2021-11-20T12:48:00Z,3.0,44.0
1927,Lamond Trevarthen,2021-08-14T04:24:42Z,3.0,67.0
1928,Leroi Trump,2021-07-19T05:22:51Z,8.0,60.0
1929,Antonin Truter,2021-06-02T12:21:45Z,2.0,69.0
1930,Jorrie Trytsman,2021-04-02T22:45:06Z,1.0,93.0
1931,Wilhelmine Tully,2021-07-30T06:05:42Z,4.0,138.0
1932,Celeste Tures,2021-02-07T22:14:01Z,4.0,55.0
1933,Albrecht Tweedy,2021-07-30T02:42:19Z,8.0,57.0
1934,Spence Twinbourne,2021-10-04T19:42:20Z,3.0,105.0
1935,Noelle Tythacott,2022-02-10T06:03:40Z,12.0,116.0
1936,Nelly Tzarkov,2021-10-03T19:08:31Z,7.0,34.0
1937,Rikki Uccelli,2021-03-26T20:41:40Z,9.0,58.0
1938,Gillie Ulyatt,2021-08-28T23:00:16Z,12.0,14.0
1939,Keeley Ungaretti,2021-06-09T23:54:57Z,11.0,113.0
1940,Klara Valeri,2022-02-20T21:35:29Z,8.0,65.0
1941,Jennee Van der Merwe,2021-12-03T21:34:36Z,7.0,114.0
1942,Joaquin Vanyashin,2021-11-29T11:54:05Z,4.0,44.0
1943,Samson Vasishchev,2021-03-07T18:20:04Z,11.0,93.0
1944,Rhonda Vasnetsov,2021-05-04T21:22:06Z,6.0,31.0
1945,Lavinie Vearncomb,2021-05-11T14:47:22Z,1.0,47.0
1946,Ellsworth Veasey,2021-05-23T06:27:20Z,11.0,64.0
1947,Paton Veazey,2021-07-30T09:44:21Z,11.0,153.0
1948,Alexandre Vedyasov,2021-02-20T20:57:48Z,1.0,131.0
1949,Guinevere Vedyasov,2021-03-04T12:07:57Z,7.0,29.0
1950,Devy Verny,2021-11-04T22:27:36Z,5.0,58.0
1951,Beaufort Verny,2022-01-01T13:12:27Z,7.0,110.0
1952,Krisha Vero,2022-01-01T23:48:50Z,6.0,58.0
1953,Garwood Verralls,2022-02-07T23:05:05Z,10.0,76.0
1954,Vevay Vice,2022-01-04T20:14:24Z,10.0,8.0
1955,Shena Vinall,2021-08-16T21:25:08Z,12.0,52.0
1956,Brena Vogelein,2022-01-06T03:39:27Z,6.0,59.0
1957,Jud Vogt,2021-04-27T11:28:21Z,9.0,50.0
1958,Esdras Voysey,2022-01-30T12:36:20Z,7.0,95.0
1959,Marylinda Wakeman,2022-01-04T23:18:04Z,12.0,62.0
1960,Daphene Walkey,2021-09-13T14:37:43Z,7.0,56.0
1961,Lionello Walthall,2022-02-12T05:19:44Z,7.0,88.0
1962,Guinna Walworche,2022-02-07T04:04:34Z,6.0,74.0
1963,Stevie Wapol,2021-11-27T15:01:22Z,10.0,86.0
1964,Baldwin Warlowe,2021-11-05T04:46:59Z,5.0,44.0
1965,Lita Watkiss,2021-04-10T00:47:56Z,3.0,62.0
1966,Gertrud Weaben,2022-02-02T10:24:52Z,1.0,119.0
1967,Jessee Welbeck,2021-10-17T17:04:58Z,7.0,41.0
1968,Gunar Wheatcroft,2021-06-13T12:10:28Z,2.0,67.0
1969,Dulcea Whinray,2021-10-23T15:12:49Z,2.0,61.0
1970,Eadith Whitington,2021-08-08T06:06:40Z,8.0,101.0
1971,Katherina Whitton,2021-12-17T17:49:37Z,8.0,26.0
1972,Bridgette Wickey,2021-09-12T18:31:04Z,1.0,51.0
1973,Stanleigh Willans,2022-02-12T05:06:22Z,5.0,131.0
1974,Hewet Willarton,2021-06-17T20:27:34Z,5.0,128.0
1975,Gina Wilton,2021-11-15T16:17:51Z,9.0,40.0
1976,Gerrard Windmill,2021-03-10T08:19:27Z,6.0,74.0
1977,Tremain Withnall,2021-03-16T01:52:49Z,8.0,72.0
1978,Harwilll Wogden,2021-08-23T11:30:08Z,2.0,117.0
1979,Marney Wolfart,2021-12-13T02:36:36Z,8.0,44.0
1980,Crystal Wollen,2022-01-27T11:51:29Z,9.0,81.0
1981,Hadlee Woodard,2021-04-29T00:00:37Z,7.0,105.0
1982,Kermy Woofinden,2021-06-23T20:56:05Z,9.0,91.0
1983,Felicia Wooldridge,2021-08-09T04:54:47Z,9.0,80.0
1984,Violette Woollin,2021-08-03T10:11:53Z,4.0,55.0
1985,Erena Wornum,2022-01-07T13:13:18Z,2.0,97.0
1986,Starla Wreiford,2021-04-24T14:10:15Z,4.0,148.0
1987,Shaina Wyldish,2021-12-13T10:05:09Z,,102.0
1988,Danya Wyre,2021-10-12T03:46:10Z,8.0,36.0
1989,Sherrie Yakovliv,2021-10-12T01:14:30Z,8.0,74.0
1990,Claudian Yandell,2022-01-24T14:38:23Z,5.0,63.0
1991,Alissa Yanukhin,2022-01-13T12:54:26Z,7.0,99.0
1992,Tad Yatman,2021-11-15T06:08:43Z,3.0,68.0
1993,Maggy Yaus,2021-04-11T12:51:33Z,7.0,80.0
1994,Hedi Yeowell,2022-01-07T06:21:37Z,5.0,18.0
1995,Goran Yong,2021-08-22T21:57:53Z,2.0,83.0
1996,Cirstoforo Youings,2021-04-01T17:48:42Z,3.0,23.0
1997,Wilek Yurkevich,2021-05-04T12:19:50Z,2.0,132.0
1998,Jerry Yven,2021-10-03T14:12:50Z,7.0,100.0
1999,Jerri Zebedee,2022-01-18T10:47:37Z,8.0,80.0
